ARM GAS  C:\Users\ALESSA~1\AppData\Local\Temp\ccxgxNq9.s 			page 1


   1              		.syntax unified
   2              		.cpu cortex-m3
   3              		.fpu softvfp
   4              		.eabi_attribute 20, 1
   5              		.eabi_attribute 21, 1
   6              		.eabi_attribute 23, 3
   7              		.eabi_attribute 24, 1
   8              		.eabi_attribute 25, 1
   9              		.eabi_attribute 26, 1
  10              		.eabi_attribute 30, 1
  11              		.eabi_attribute 34, 1
  12              		.eabi_attribute 18, 4
  13              		.thumb
  14              		.syntax unified
  15              		.file	"cyfitter_cfg.c"
  16              		.text
  17              	.Ltext0:
  18              		.cfi_sections	.debug_frame
  19              		.section	.text.CyClockStartupError,"ax",%progbits
  20              		.align	2
  21              		.thumb
  22              		.thumb_func
  23              		.type	CyClockStartupError, %function
  24              	CyClockStartupError:
  25              	.LFB3:
  26              		.file 1 "Generated_Source\\PSoC5\\cyfitter_cfg.c"
   1:Generated_Source\PSoC5/cyfitter_cfg.c **** 
   2:Generated_Source\PSoC5/cyfitter_cfg.c **** /*******************************************************************************
   3:Generated_Source\PSoC5/cyfitter_cfg.c **** * File Name: cyfitter_cfg.c
   4:Generated_Source\PSoC5/cyfitter_cfg.c **** * 
   5:Generated_Source\PSoC5/cyfitter_cfg.c **** * PSoC Creator  4.4
   6:Generated_Source\PSoC5/cyfitter_cfg.c **** *
   7:Generated_Source\PSoC5/cyfitter_cfg.c **** * Description:
   8:Generated_Source\PSoC5/cyfitter_cfg.c **** * This file contains device initialization code.
   9:Generated_Source\PSoC5/cyfitter_cfg.c **** * Except for the user defined sections in CyClockStartupError(), this file should not be modified.
  10:Generated_Source\PSoC5/cyfitter_cfg.c **** * This file is automatically generated by PSoC Creator.
  11:Generated_Source\PSoC5/cyfitter_cfg.c **** *
  12:Generated_Source\PSoC5/cyfitter_cfg.c **** ********************************************************************************
  13:Generated_Source\PSoC5/cyfitter_cfg.c **** * Copyright (c) 2007-2020 Cypress Semiconductor.  All rights reserved.
  14:Generated_Source\PSoC5/cyfitter_cfg.c **** * You may use this file only in accordance with the license, terms, conditions, 
  15:Generated_Source\PSoC5/cyfitter_cfg.c **** * disclaimers, and limitations in the end user license agreement accompanying 
  16:Generated_Source\PSoC5/cyfitter_cfg.c **** * the software package with which this file was provided.
  17:Generated_Source\PSoC5/cyfitter_cfg.c **** ********************************************************************************/
  18:Generated_Source\PSoC5/cyfitter_cfg.c **** 
  19:Generated_Source\PSoC5/cyfitter_cfg.c **** #include <string.h>
  20:Generated_Source\PSoC5/cyfitter_cfg.c **** #include "cytypes.h"
  21:Generated_Source\PSoC5/cyfitter_cfg.c **** #include "cydevice_trm.h"
  22:Generated_Source\PSoC5/cyfitter_cfg.c **** #include "cyfitter.h"
  23:Generated_Source\PSoC5/cyfitter_cfg.c **** #include "CyLib.h"
  24:Generated_Source\PSoC5/cyfitter_cfg.c **** #include "cyfitter_cfg.h"
  25:Generated_Source\PSoC5/cyfitter_cfg.c **** #include "cyapicallbacks.h"
  26:Generated_Source\PSoC5/cyfitter_cfg.c **** 
  27:Generated_Source\PSoC5/cyfitter_cfg.c **** #define CY_NEED_CYCLOCKSTARTUPERROR 1
  28:Generated_Source\PSoC5/cyfitter_cfg.c **** 
  29:Generated_Source\PSoC5/cyfitter_cfg.c **** 
  30:Generated_Source\PSoC5/cyfitter_cfg.c **** #if defined(__GNUC__) || defined(__ARMCC_VERSION)
  31:Generated_Source\PSoC5/cyfitter_cfg.c ****     #define CYPACKED 
ARM GAS  C:\Users\ALESSA~1\AppData\Local\Temp\ccxgxNq9.s 			page 2


  32:Generated_Source\PSoC5/cyfitter_cfg.c ****     #define CYPACKED_ATTR __attribute__ ((packed))
  33:Generated_Source\PSoC5/cyfitter_cfg.c ****     #define CYALIGNED __attribute__ ((aligned))
  34:Generated_Source\PSoC5/cyfitter_cfg.c ****     #define CY_CFG_UNUSED __attribute__ ((unused))
  35:Generated_Source\PSoC5/cyfitter_cfg.c ****     #ifndef CY_CFG_SECTION
  36:Generated_Source\PSoC5/cyfitter_cfg.c ****         #define CY_CFG_SECTION __attribute__ ((section(".psocinit")))
  37:Generated_Source\PSoC5/cyfitter_cfg.c ****     #endif
  38:Generated_Source\PSoC5/cyfitter_cfg.c ****     
  39:Generated_Source\PSoC5/cyfitter_cfg.c ****     #if defined(__ARMCC_VERSION)
  40:Generated_Source\PSoC5/cyfitter_cfg.c ****         #define CY_CFG_MEMORY_BARRIER() __memory_changed()
  41:Generated_Source\PSoC5/cyfitter_cfg.c ****     #else
  42:Generated_Source\PSoC5/cyfitter_cfg.c ****         #define CY_CFG_MEMORY_BARRIER() __sync_synchronize()
  43:Generated_Source\PSoC5/cyfitter_cfg.c ****     #endif
  44:Generated_Source\PSoC5/cyfitter_cfg.c ****     
  45:Generated_Source\PSoC5/cyfitter_cfg.c **** #elif defined(__ICCARM__)
  46:Generated_Source\PSoC5/cyfitter_cfg.c ****     #include <intrinsics.h>
  47:Generated_Source\PSoC5/cyfitter_cfg.c **** 
  48:Generated_Source\PSoC5/cyfitter_cfg.c ****     #define CYPACKED __packed
  49:Generated_Source\PSoC5/cyfitter_cfg.c ****     #define CYPACKED_ATTR 
  50:Generated_Source\PSoC5/cyfitter_cfg.c ****     #define CYALIGNED _Pragma("data_alignment=4")
  51:Generated_Source\PSoC5/cyfitter_cfg.c ****     #define CY_CFG_UNUSED _Pragma("diag_suppress=Pe177")
  52:Generated_Source\PSoC5/cyfitter_cfg.c ****     #define CY_CFG_SECTION _Pragma("location=\".psocinit\"")
  53:Generated_Source\PSoC5/cyfitter_cfg.c ****     
  54:Generated_Source\PSoC5/cyfitter_cfg.c ****     #define CY_CFG_MEMORY_BARRIER() __DMB()
  55:Generated_Source\PSoC5/cyfitter_cfg.c ****     
  56:Generated_Source\PSoC5/cyfitter_cfg.c **** #else
  57:Generated_Source\PSoC5/cyfitter_cfg.c ****     #error Unsupported toolchain
  58:Generated_Source\PSoC5/cyfitter_cfg.c **** #endif
  59:Generated_Source\PSoC5/cyfitter_cfg.c **** 
  60:Generated_Source\PSoC5/cyfitter_cfg.c **** #ifndef CYCODE
  61:Generated_Source\PSoC5/cyfitter_cfg.c ****     #define CYCODE
  62:Generated_Source\PSoC5/cyfitter_cfg.c **** #endif
  63:Generated_Source\PSoC5/cyfitter_cfg.c **** #ifndef CYDATA
  64:Generated_Source\PSoC5/cyfitter_cfg.c ****     #define CYDATA
  65:Generated_Source\PSoC5/cyfitter_cfg.c **** #endif
  66:Generated_Source\PSoC5/cyfitter_cfg.c **** #ifndef CYFAR
  67:Generated_Source\PSoC5/cyfitter_cfg.c ****     #define CYFAR
  68:Generated_Source\PSoC5/cyfitter_cfg.c **** #endif
  69:Generated_Source\PSoC5/cyfitter_cfg.c **** #ifndef CYXDATA
  70:Generated_Source\PSoC5/cyfitter_cfg.c ****     #define CYXDATA
  71:Generated_Source\PSoC5/cyfitter_cfg.c **** #endif
  72:Generated_Source\PSoC5/cyfitter_cfg.c **** 
  73:Generated_Source\PSoC5/cyfitter_cfg.c **** 
  74:Generated_Source\PSoC5/cyfitter_cfg.c **** CY_CFG_UNUSED
  75:Generated_Source\PSoC5/cyfitter_cfg.c **** static void CYMEMZERO(void *s, size_t n);
  76:Generated_Source\PSoC5/cyfitter_cfg.c **** CY_CFG_UNUSED
  77:Generated_Source\PSoC5/cyfitter_cfg.c **** static void CYMEMZERO(void *s, size_t n)
  78:Generated_Source\PSoC5/cyfitter_cfg.c **** {
  79:Generated_Source\PSoC5/cyfitter_cfg.c **** 	(void)memset(s, 0, n);
  80:Generated_Source\PSoC5/cyfitter_cfg.c **** }
  81:Generated_Source\PSoC5/cyfitter_cfg.c **** CY_CFG_UNUSED
  82:Generated_Source\PSoC5/cyfitter_cfg.c **** static void CYCONFIGCPY(void *dest, const void *src, size_t n);
  83:Generated_Source\PSoC5/cyfitter_cfg.c **** CY_CFG_UNUSED
  84:Generated_Source\PSoC5/cyfitter_cfg.c **** static void CYCONFIGCPY(void *dest, const void *src, size_t n)
  85:Generated_Source\PSoC5/cyfitter_cfg.c **** {
  86:Generated_Source\PSoC5/cyfitter_cfg.c **** 	(void)memcpy(dest, src, n);
  87:Generated_Source\PSoC5/cyfitter_cfg.c **** }
  88:Generated_Source\PSoC5/cyfitter_cfg.c **** CY_CFG_UNUSED
ARM GAS  C:\Users\ALESSA~1\AppData\Local\Temp\ccxgxNq9.s 			page 3


  89:Generated_Source\PSoC5/cyfitter_cfg.c **** static void CYCONFIGCPYCODE(void *dest, const void *src, size_t n);
  90:Generated_Source\PSoC5/cyfitter_cfg.c **** CY_CFG_UNUSED
  91:Generated_Source\PSoC5/cyfitter_cfg.c **** static void CYCONFIGCPYCODE(void *dest, const void *src, size_t n)
  92:Generated_Source\PSoC5/cyfitter_cfg.c **** {
  93:Generated_Source\PSoC5/cyfitter_cfg.c **** 	(void)memcpy(dest, src, n);
  94:Generated_Source\PSoC5/cyfitter_cfg.c **** }
  95:Generated_Source\PSoC5/cyfitter_cfg.c **** 
  96:Generated_Source\PSoC5/cyfitter_cfg.c **** 
  97:Generated_Source\PSoC5/cyfitter_cfg.c **** 
  98:Generated_Source\PSoC5/cyfitter_cfg.c **** 
  99:Generated_Source\PSoC5/cyfitter_cfg.c **** /* Clock startup error codes                                                   */
 100:Generated_Source\PSoC5/cyfitter_cfg.c **** #define CYCLOCKSTART_NO_ERROR    0u
 101:Generated_Source\PSoC5/cyfitter_cfg.c **** #define CYCLOCKSTART_XTAL_ERROR  1u
 102:Generated_Source\PSoC5/cyfitter_cfg.c **** #define CYCLOCKSTART_32KHZ_ERROR 2u
 103:Generated_Source\PSoC5/cyfitter_cfg.c **** #define CYCLOCKSTART_PLL_ERROR   3u
 104:Generated_Source\PSoC5/cyfitter_cfg.c **** #define CYCLOCKSTART_FLL_ERROR   4u
 105:Generated_Source\PSoC5/cyfitter_cfg.c **** #define CYCLOCKSTART_WCO_ERROR   5u
 106:Generated_Source\PSoC5/cyfitter_cfg.c **** 
 107:Generated_Source\PSoC5/cyfitter_cfg.c **** 
 108:Generated_Source\PSoC5/cyfitter_cfg.c **** #ifdef CY_NEED_CYCLOCKSTARTUPERROR
 109:Generated_Source\PSoC5/cyfitter_cfg.c **** /*******************************************************************************
 110:Generated_Source\PSoC5/cyfitter_cfg.c **** * Function Name: CyClockStartupError
 111:Generated_Source\PSoC5/cyfitter_cfg.c **** ********************************************************************************
 112:Generated_Source\PSoC5/cyfitter_cfg.c **** * Summary:
 113:Generated_Source\PSoC5/cyfitter_cfg.c **** *  If an error is encountered during clock configuration (crystal startup error,
 114:Generated_Source\PSoC5/cyfitter_cfg.c **** *  PLL lock error, etc.), the system will end up here.  Unless reimplemented by
 115:Generated_Source\PSoC5/cyfitter_cfg.c **** *  the customer, this function will stop in an infinite loop.
 116:Generated_Source\PSoC5/cyfitter_cfg.c **** *
 117:Generated_Source\PSoC5/cyfitter_cfg.c **** * Parameters:
 118:Generated_Source\PSoC5/cyfitter_cfg.c **** *   void
 119:Generated_Source\PSoC5/cyfitter_cfg.c **** *
 120:Generated_Source\PSoC5/cyfitter_cfg.c **** * Return:
 121:Generated_Source\PSoC5/cyfitter_cfg.c **** *   void
 122:Generated_Source\PSoC5/cyfitter_cfg.c **** *
 123:Generated_Source\PSoC5/cyfitter_cfg.c **** *******************************************************************************/
 124:Generated_Source\PSoC5/cyfitter_cfg.c **** CY_CFG_UNUSED
 125:Generated_Source\PSoC5/cyfitter_cfg.c **** static void CyClockStartupError(uint8 errorCode);
 126:Generated_Source\PSoC5/cyfitter_cfg.c **** CY_CFG_UNUSED
 127:Generated_Source\PSoC5/cyfitter_cfg.c **** static void CyClockStartupError(uint8 errorCode)
 128:Generated_Source\PSoC5/cyfitter_cfg.c **** {
  27              		.loc 1 128 0
  28              		.cfi_startproc
  29              		@ Volatile: function does not return.
  30              		@ args = 0, pretend = 0, frame = 0
  31              		@ frame_needed = 0, uses_anonymous_args = 0
  32              		@ link register save eliminated.
  33              	.LVL0:
  34              	.L2:
  35 0000 FEE7     		b	.L2
  36              		.cfi_endproc
  37              	.LFE3:
  38              		.size	CyClockStartupError, .-CyClockStartupError
  39 0002 00BF     		.section	.text.cfg_write_bytes32,"ax",%progbits
  40              		.align	2
  41              		.thumb
  42              		.thumb_func
  43              		.type	cfg_write_bytes32, %function
ARM GAS  C:\Users\ALESSA~1\AppData\Local\Temp\ccxgxNq9.s 			page 4


  44              	cfg_write_bytes32:
  45              	.LFB4:
 129:Generated_Source\PSoC5/cyfitter_cfg.c ****     /* To remove the compiler warning if errorCode not used.                */
 130:Generated_Source\PSoC5/cyfitter_cfg.c ****     errorCode = errorCode;
 131:Generated_Source\PSoC5/cyfitter_cfg.c **** 
 132:Generated_Source\PSoC5/cyfitter_cfg.c ****     /* If we have a clock startup error (bad MHz crystal, PLL lock, etc.),  */
 133:Generated_Source\PSoC5/cyfitter_cfg.c ****     /* we will end up here to allow the customer to implement something to  */
 134:Generated_Source\PSoC5/cyfitter_cfg.c ****     /* deal with the clock condition.                                       */
 135:Generated_Source\PSoC5/cyfitter_cfg.c **** 
 136:Generated_Source\PSoC5/cyfitter_cfg.c **** #ifdef CY_CFG_CLOCK_STARTUP_ERROR_CALLBACK
 137:Generated_Source\PSoC5/cyfitter_cfg.c ****     CY_CFG_Clock_Startup_ErrorCallback();
 138:Generated_Source\PSoC5/cyfitter_cfg.c **** #else
 139:Generated_Source\PSoC5/cyfitter_cfg.c ****     /*  If not using CY_CFG_CLOCK_STARTUP_ERROR_CALLBACK, place your clock startup code here. */
 140:Generated_Source\PSoC5/cyfitter_cfg.c ****     /* `#START CyClockStartupError` */
 141:Generated_Source\PSoC5/cyfitter_cfg.c **** 
 142:Generated_Source\PSoC5/cyfitter_cfg.c **** 
 143:Generated_Source\PSoC5/cyfitter_cfg.c **** 
 144:Generated_Source\PSoC5/cyfitter_cfg.c ****     /* `#END` */
 145:Generated_Source\PSoC5/cyfitter_cfg.c **** 
 146:Generated_Source\PSoC5/cyfitter_cfg.c ****     while(1) {}
 147:Generated_Source\PSoC5/cyfitter_cfg.c **** #endif /* CY_CFG_CLOCK_STARTUP_ERROR_CALLBACK */
 148:Generated_Source\PSoC5/cyfitter_cfg.c **** }
 149:Generated_Source\PSoC5/cyfitter_cfg.c **** #endif
 150:Generated_Source\PSoC5/cyfitter_cfg.c **** 
 151:Generated_Source\PSoC5/cyfitter_cfg.c **** #define CY_CFG_BASE_ADDR_COUNT 31u
 152:Generated_Source\PSoC5/cyfitter_cfg.c **** CYPACKED typedef struct
 153:Generated_Source\PSoC5/cyfitter_cfg.c **** {
 154:Generated_Source\PSoC5/cyfitter_cfg.c **** 	uint8 offset;
 155:Generated_Source\PSoC5/cyfitter_cfg.c **** 	uint8 value;
 156:Generated_Source\PSoC5/cyfitter_cfg.c **** } CYPACKED_ATTR cy_cfg_addrvalue_t;
 157:Generated_Source\PSoC5/cyfitter_cfg.c **** 
 158:Generated_Source\PSoC5/cyfitter_cfg.c **** #define cy_cfg_addr_table ((const uint32 CYFAR *)0x48000000u)
 159:Generated_Source\PSoC5/cyfitter_cfg.c **** #define cy_cfg_data_table ((const cy_cfg_addrvalue_t CYFAR *)0x4800007Cu)
 160:Generated_Source\PSoC5/cyfitter_cfg.c **** 
 161:Generated_Source\PSoC5/cyfitter_cfg.c **** /* IOPINS0_0 Address: CYREG_PRT0_DM0 Size (bytes): 8 */
 162:Generated_Source\PSoC5/cyfitter_cfg.c **** #define BS_IOPINS0_0_VAL ((const uint8 CYFAR *)0x4800055Cu)
 163:Generated_Source\PSoC5/cyfitter_cfg.c **** 
 164:Generated_Source\PSoC5/cyfitter_cfg.c **** /* IOPINS0_7 Address: CYREG_PRT12_DR Size (bytes): 10 */
 165:Generated_Source\PSoC5/cyfitter_cfg.c **** #define BS_IOPINS0_7_VAL ((const uint8 CYFAR *)0x48000564u)
 166:Generated_Source\PSoC5/cyfitter_cfg.c **** 
 167:Generated_Source\PSoC5/cyfitter_cfg.c **** /* IOPINS0_1 Address: CYREG_PRT1_DM0 Size (bytes): 8 */
 168:Generated_Source\PSoC5/cyfitter_cfg.c **** #define BS_IOPINS0_1_VAL ((const uint8 CYFAR *)0x48000570u)
 169:Generated_Source\PSoC5/cyfitter_cfg.c **** 
 170:Generated_Source\PSoC5/cyfitter_cfg.c **** /* IOPINS0_2 Address: CYREG_PRT2_DM0 Size (bytes): 8 */
 171:Generated_Source\PSoC5/cyfitter_cfg.c **** #define BS_IOPINS0_2_VAL ((const uint8 CYFAR *)0x48000578u)
 172:Generated_Source\PSoC5/cyfitter_cfg.c **** 
 173:Generated_Source\PSoC5/cyfitter_cfg.c **** /* IOPINS0_3 Address: CYREG_PRT3_DM0 Size (bytes): 8 */
 174:Generated_Source\PSoC5/cyfitter_cfg.c **** #define BS_IOPINS0_3_VAL ((const uint8 CYFAR *)0x48000580u)
 175:Generated_Source\PSoC5/cyfitter_cfg.c **** 
 176:Generated_Source\PSoC5/cyfitter_cfg.c **** 
 177:Generated_Source\PSoC5/cyfitter_cfg.c **** /*******************************************************************************
 178:Generated_Source\PSoC5/cyfitter_cfg.c **** * Function Name: cfg_write_bytes32
 179:Generated_Source\PSoC5/cyfitter_cfg.c **** ********************************************************************************
 180:Generated_Source\PSoC5/cyfitter_cfg.c **** * Summary:
 181:Generated_Source\PSoC5/cyfitter_cfg.c **** *  This function is used for setting up the chip configuration areas that
 182:Generated_Source\PSoC5/cyfitter_cfg.c **** *  contain relatively sparse data.
 183:Generated_Source\PSoC5/cyfitter_cfg.c **** *
ARM GAS  C:\Users\ALESSA~1\AppData\Local\Temp\ccxgxNq9.s 			page 5


 184:Generated_Source\PSoC5/cyfitter_cfg.c **** * Parameters:
 185:Generated_Source\PSoC5/cyfitter_cfg.c **** *   void
 186:Generated_Source\PSoC5/cyfitter_cfg.c **** *
 187:Generated_Source\PSoC5/cyfitter_cfg.c **** * Return:
 188:Generated_Source\PSoC5/cyfitter_cfg.c **** *   void
 189:Generated_Source\PSoC5/cyfitter_cfg.c **** *
 190:Generated_Source\PSoC5/cyfitter_cfg.c **** *******************************************************************************/
 191:Generated_Source\PSoC5/cyfitter_cfg.c **** static void cfg_write_bytes32(const uint32 addr_table[], const cy_cfg_addrvalue_t data_table[]);
 192:Generated_Source\PSoC5/cyfitter_cfg.c **** static void cfg_write_bytes32(const uint32 addr_table[], const cy_cfg_addrvalue_t data_table[])
 193:Generated_Source\PSoC5/cyfitter_cfg.c **** {
  46              		.loc 1 193 0
  47              		.cfi_startproc
  48              		@ args = 0, pretend = 0, frame = 0
  49              		@ frame_needed = 0, uses_anonymous_args = 0
  50              		@ link register save eliminated.
  51              	.LVL1:
  52              		.loc 1 193 0
  53 0000 F0B4     		push	{r4, r5, r6, r7}
  54              		.cfi_def_cfa_offset 16
  55              		.cfi_offset 4, -16
  56              		.cfi_offset 5, -12
  57              		.cfi_offset 6, -8
  58              		.cfi_offset 7, -4
  59              	.LVL2:
 194:Generated_Source\PSoC5/cyfitter_cfg.c **** 	/* For 32-bit little-endian architectures */
 195:Generated_Source\PSoC5/cyfitter_cfg.c **** 	uint32 i, j = 0u;
  60              		.loc 1 195 0
  61 0002 0022     		movs	r2, #0
 196:Generated_Source\PSoC5/cyfitter_cfg.c **** 	for (i = 0u; i < CY_CFG_BASE_ADDR_COUNT; i++)
  62              		.loc 1 196 0
  63 0004 1746     		mov	r7, r2
  64 0006 11E0     		b	.L4
  65              	.LVL3:
  66              	.L7:
  67              	.LBB2:
 197:Generated_Source\PSoC5/cyfitter_cfg.c **** 	{
 198:Generated_Source\PSoC5/cyfitter_cfg.c **** 		uint32 baseAddr = addr_table[i];
  68              		.loc 1 198 0
  69 0008 50F82760 		ldr	r6, [r0, r7, lsl #2]
  70              	.LVL4:
 199:Generated_Source\PSoC5/cyfitter_cfg.c **** 		uint8 count = (uint8)baseAddr;
  71              		.loc 1 199 0
  72 000c F3B2     		uxtb	r3, r6
  73              	.LVL5:
 200:Generated_Source\PSoC5/cyfitter_cfg.c **** 		baseAddr &= 0xFFFFFF00u;
  74              		.loc 1 200 0
  75 000e 26F0FF06 		bic	r6, r6, #255
  76              	.LVL6:
 201:Generated_Source\PSoC5/cyfitter_cfg.c **** 		while (count != 0u)
  77              		.loc 1 201 0
  78 0012 08E0     		b	.L5
  79              	.L6:
 202:Generated_Source\PSoC5/cyfitter_cfg.c **** 		{
 203:Generated_Source\PSoC5/cyfitter_cfg.c **** 			CY_SET_REG8((void *)(baseAddr + data_table[j].offset), data_table[j].value);
  80              		.loc 1 203 0
  81 0014 01EB4205 		add	r5, r1, r2, lsl #1
  82 0018 11F81240 		ldrb	r4, [r1, r2, lsl #1]	@ zero_extendqisi2
ARM GAS  C:\Users\ALESSA~1\AppData\Local\Temp\ccxgxNq9.s 			page 6


  83 001c 6D78     		ldrb	r5, [r5, #1]	@ zero_extendqisi2
  84 001e A555     		strb	r5, [r4, r6]
 204:Generated_Source\PSoC5/cyfitter_cfg.c **** 			j++;
  85              		.loc 1 204 0
  86 0020 0132     		adds	r2, r2, #1
  87              	.LVL7:
 205:Generated_Source\PSoC5/cyfitter_cfg.c **** 			count--;
  88              		.loc 1 205 0
  89 0022 013B     		subs	r3, r3, #1
  90              	.LVL8:
  91 0024 DBB2     		uxtb	r3, r3
  92              	.LVL9:
  93              	.L5:
 201:Generated_Source\PSoC5/cyfitter_cfg.c **** 		{
  94              		.loc 1 201 0
  95 0026 002B     		cmp	r3, #0
  96 0028 F4D1     		bne	.L6
  97              	.LBE2:
 196:Generated_Source\PSoC5/cyfitter_cfg.c **** 	{
  98              		.loc 1 196 0 discriminator 2
  99 002a 0137     		adds	r7, r7, #1
 100              	.LVL10:
 101              	.L4:
 196:Generated_Source\PSoC5/cyfitter_cfg.c **** 	{
 102              		.loc 1 196 0 is_stmt 0 discriminator 1
 103 002c 1E2F     		cmp	r7, #30
 104 002e EBD9     		bls	.L7
 206:Generated_Source\PSoC5/cyfitter_cfg.c **** 		}
 207:Generated_Source\PSoC5/cyfitter_cfg.c **** 	}
 208:Generated_Source\PSoC5/cyfitter_cfg.c **** }
 105              		.loc 1 208 0 is_stmt 1
 106 0030 F0BC     		pop	{r4, r5, r6, r7}
 107              		.cfi_restore 7
 108              		.cfi_restore 6
 109              		.cfi_restore 5
 110              		.cfi_restore 4
 111              		.cfi_def_cfa_offset 0
 112              	.LVL11:
 113 0032 7047     		bx	lr
 114              		.cfi_endproc
 115              	.LFE4:
 116              		.size	cfg_write_bytes32, .-cfg_write_bytes32
 117              		.section	.text.AnalogSetDefault,"ax",%progbits
 118              		.align	2
 119              		.thumb
 120              		.thumb_func
 121              		.type	AnalogSetDefault, %function
 122              	AnalogSetDefault:
 123              	.LFB6:
 209:Generated_Source\PSoC5/cyfitter_cfg.c **** 
 210:Generated_Source\PSoC5/cyfitter_cfg.c **** /*******************************************************************************
 211:Generated_Source\PSoC5/cyfitter_cfg.c **** * Function Name: ClockSetup
 212:Generated_Source\PSoC5/cyfitter_cfg.c **** ********************************************************************************
 213:Generated_Source\PSoC5/cyfitter_cfg.c **** *
 214:Generated_Source\PSoC5/cyfitter_cfg.c **** * Summary:
 215:Generated_Source\PSoC5/cyfitter_cfg.c **** *  Performs the initialization of all of the clocks in the device based on the
 216:Generated_Source\PSoC5/cyfitter_cfg.c **** *  settings in the Clock tab of the DWR.  This includes enabling the requested
ARM GAS  C:\Users\ALESSA~1\AppData\Local\Temp\ccxgxNq9.s 			page 7


 217:Generated_Source\PSoC5/cyfitter_cfg.c **** *  clocks and setting the necessary dividers to produce the desired frequency. 
 218:Generated_Source\PSoC5/cyfitter_cfg.c **** *
 219:Generated_Source\PSoC5/cyfitter_cfg.c **** * Parameters:
 220:Generated_Source\PSoC5/cyfitter_cfg.c **** *  void
 221:Generated_Source\PSoC5/cyfitter_cfg.c **** *
 222:Generated_Source\PSoC5/cyfitter_cfg.c **** * Return:
 223:Generated_Source\PSoC5/cyfitter_cfg.c **** *  void
 224:Generated_Source\PSoC5/cyfitter_cfg.c **** *
 225:Generated_Source\PSoC5/cyfitter_cfg.c **** *******************************************************************************/
 226:Generated_Source\PSoC5/cyfitter_cfg.c **** static void ClockSetup(void);
 227:Generated_Source\PSoC5/cyfitter_cfg.c **** static void ClockSetup(void)
 228:Generated_Source\PSoC5/cyfitter_cfg.c **** {
 229:Generated_Source\PSoC5/cyfitter_cfg.c **** 	uint32 timeout;
 230:Generated_Source\PSoC5/cyfitter_cfg.c **** 	uint8 pllLock;
 231:Generated_Source\PSoC5/cyfitter_cfg.c **** 
 232:Generated_Source\PSoC5/cyfitter_cfg.c **** 
 233:Generated_Source\PSoC5/cyfitter_cfg.c **** 	/* Configure Digital Clocks based on settings from Clock DWR */
 234:Generated_Source\PSoC5/cyfitter_cfg.c **** 	CY_SET_XTND_REG16((void CYFAR *)(CYREG_CLKDIST_DCFG0_CFG0), 0x009Bu);
 235:Generated_Source\PSoC5/cyfitter_cfg.c **** 	CY_SET_XTND_REG8((void CYFAR *)(CYREG_CLKDIST_DCFG0_CFG0 + 0x2u), 0x18u);
 236:Generated_Source\PSoC5/cyfitter_cfg.c **** 	CY_SET_XTND_REG16((void CYFAR *)(CYREG_CLKDIST_DCFG1_CFG0), 0x0000u);
 237:Generated_Source\PSoC5/cyfitter_cfg.c **** 	CY_SET_XTND_REG8((void CYFAR *)(CYREG_CLKDIST_DCFG1_CFG0 + 0x2u), 0x1Bu);
 238:Generated_Source\PSoC5/cyfitter_cfg.c **** 	CY_SET_XTND_REG16((void CYFAR *)(CYREG_CLKDIST_DCFG2_CFG0), 0x752Fu);
 239:Generated_Source\PSoC5/cyfitter_cfg.c **** 	CY_SET_XTND_REG8((void CYFAR *)(CYREG_CLKDIST_DCFG2_CFG0 + 0x2u), 0x19u);
 240:Generated_Source\PSoC5/cyfitter_cfg.c **** 
 241:Generated_Source\PSoC5/cyfitter_cfg.c **** 	/* Configure ILO based on settings from Clock DWR */
 242:Generated_Source\PSoC5/cyfitter_cfg.c **** 	CY_SET_XTND_REG8((void CYFAR *)(CYREG_SLOWCLK_ILO_CR0), 0x02u);
 243:Generated_Source\PSoC5/cyfitter_cfg.c **** 	CY_SET_XTND_REG8((void CYFAR *)(CYREG_CLKDIST_CR), 0x08u);
 244:Generated_Source\PSoC5/cyfitter_cfg.c **** 
 245:Generated_Source\PSoC5/cyfitter_cfg.c **** 	/* Configure IMO based on settings from Clock DWR */
 246:Generated_Source\PSoC5/cyfitter_cfg.c **** 	CY_SET_XTND_REG8((void CYFAR *)(CYREG_FASTCLK_IMO_CR), 0x03u);
 247:Generated_Source\PSoC5/cyfitter_cfg.c **** 	CY_SET_XTND_REG8((void CYFAR *)(CYREG_IMO_TR1), (CY_GET_XTND_REG8((void CYFAR *)CYREG_FLSHID_CUST_
 248:Generated_Source\PSoC5/cyfitter_cfg.c **** 
 249:Generated_Source\PSoC5/cyfitter_cfg.c **** 	/* Configure PLL based on settings from Clock DWR */
 250:Generated_Source\PSoC5/cyfitter_cfg.c **** 	CY_SET_XTND_REG16((void CYFAR *)(CYREG_FASTCLK_PLL_P), 0x0008u);
 251:Generated_Source\PSoC5/cyfitter_cfg.c **** 	CY_SET_XTND_REG16((void CYFAR *)(CYREG_FASTCLK_PLL_CFG0), 0x1251u);
 252:Generated_Source\PSoC5/cyfitter_cfg.c **** 	/* Wait up to 250us for the PLL to lock */
 253:Generated_Source\PSoC5/cyfitter_cfg.c **** 	pllLock = 0u;
 254:Generated_Source\PSoC5/cyfitter_cfg.c **** 	for (timeout = 250u / 10u; (timeout > 0u) && (pllLock != 0x03u); timeout--)
 255:Generated_Source\PSoC5/cyfitter_cfg.c **** 	{ 
 256:Generated_Source\PSoC5/cyfitter_cfg.c **** 		pllLock = 0x03u & ((uint8)((uint8)pllLock << 1) | ((CY_GET_XTND_REG8((void CYFAR *)CYREG_FASTCLK_
 257:Generated_Source\PSoC5/cyfitter_cfg.c **** 		CyDelayCycles(10u * 48u); /* Delay 10us based on 48MHz clock */
 258:Generated_Source\PSoC5/cyfitter_cfg.c **** 	}
 259:Generated_Source\PSoC5/cyfitter_cfg.c **** 	/* If we ran out of time the PLL didn't lock so go to the error function */
 260:Generated_Source\PSoC5/cyfitter_cfg.c **** 	if (timeout == 0u)
 261:Generated_Source\PSoC5/cyfitter_cfg.c **** 	{
 262:Generated_Source\PSoC5/cyfitter_cfg.c **** 		CyClockStartupError(CYCLOCKSTART_PLL_ERROR);
 263:Generated_Source\PSoC5/cyfitter_cfg.c **** 	}
 264:Generated_Source\PSoC5/cyfitter_cfg.c **** 
 265:Generated_Source\PSoC5/cyfitter_cfg.c **** 	/* Configure Bus/Master Clock based on settings from Clock DWR */
 266:Generated_Source\PSoC5/cyfitter_cfg.c **** 	CY_SET_XTND_REG16((void CYFAR *)(CYREG_CLKDIST_MSTR0), 0x0100u);
 267:Generated_Source\PSoC5/cyfitter_cfg.c **** 	CY_SET_XTND_REG8((void CYFAR *)(CYREG_CLKDIST_MSTR0), 0x07u);
 268:Generated_Source\PSoC5/cyfitter_cfg.c **** 	CY_SET_XTND_REG8((void CYFAR *)(CYREG_CLKDIST_BCFG0), 0x00u);
 269:Generated_Source\PSoC5/cyfitter_cfg.c **** 	CY_SET_XTND_REG8((void CYFAR *)(CYREG_CLKDIST_BCFG2), 0x48u);
 270:Generated_Source\PSoC5/cyfitter_cfg.c **** 	CY_SET_XTND_REG8((void CYFAR *)(CYREG_CLKDIST_MSTR0), 0x00u);
 271:Generated_Source\PSoC5/cyfitter_cfg.c **** 	CY_SET_XTND_REG8((void CYFAR *)(CYREG_CLKDIST_LD), 0x02u);
 272:Generated_Source\PSoC5/cyfitter_cfg.c **** 
 273:Generated_Source\PSoC5/cyfitter_cfg.c **** 	CY_SET_XTND_REG8((void CYFAR *)(CYREG_PM_ACT_CFG2), ((CY_GET_XTND_REG8((void CYFAR *)CYREG_PM_ACT_
ARM GAS  C:\Users\ALESSA~1\AppData\Local\Temp\ccxgxNq9.s 			page 8


 274:Generated_Source\PSoC5/cyfitter_cfg.c **** }
 275:Generated_Source\PSoC5/cyfitter_cfg.c **** 
 276:Generated_Source\PSoC5/cyfitter_cfg.c **** 
 277:Generated_Source\PSoC5/cyfitter_cfg.c **** /* Analog API Functions */
 278:Generated_Source\PSoC5/cyfitter_cfg.c **** 
 279:Generated_Source\PSoC5/cyfitter_cfg.c **** 
 280:Generated_Source\PSoC5/cyfitter_cfg.c **** /*******************************************************************************
 281:Generated_Source\PSoC5/cyfitter_cfg.c **** * Function Name: AnalogSetDefault
 282:Generated_Source\PSoC5/cyfitter_cfg.c **** ********************************************************************************
 283:Generated_Source\PSoC5/cyfitter_cfg.c **** *
 284:Generated_Source\PSoC5/cyfitter_cfg.c **** * Summary:
 285:Generated_Source\PSoC5/cyfitter_cfg.c **** *  Sets up the analog portions of the chip to default values based on chip
 286:Generated_Source\PSoC5/cyfitter_cfg.c **** *  configuration options from the project.
 287:Generated_Source\PSoC5/cyfitter_cfg.c **** *
 288:Generated_Source\PSoC5/cyfitter_cfg.c **** * Parameters:
 289:Generated_Source\PSoC5/cyfitter_cfg.c **** *  void
 290:Generated_Source\PSoC5/cyfitter_cfg.c **** *
 291:Generated_Source\PSoC5/cyfitter_cfg.c **** * Return:
 292:Generated_Source\PSoC5/cyfitter_cfg.c **** *  void
 293:Generated_Source\PSoC5/cyfitter_cfg.c **** *
 294:Generated_Source\PSoC5/cyfitter_cfg.c **** *******************************************************************************/
 295:Generated_Source\PSoC5/cyfitter_cfg.c **** static void AnalogSetDefault(void);
 296:Generated_Source\PSoC5/cyfitter_cfg.c **** static void AnalogSetDefault(void)
 297:Generated_Source\PSoC5/cyfitter_cfg.c **** {
 124              		.loc 1 297 0
 125              		.cfi_startproc
 126              		@ args = 0, pretend = 0, frame = 0
 127              		@ frame_needed = 0, uses_anonymous_args = 0
 128              		@ link register save eliminated.
 298:Generated_Source\PSoC5/cyfitter_cfg.c **** 	uint8 bg_xover_inl_trim = CY_GET_XTND_REG8((void CYFAR *)(CYREG_FLSHID_MFG_CFG_BG_XOVER_INL_TRIM +
 129              		.loc 1 298 0
 130 0000 0A4B     		ldr	r3, .L10
 131 0002 1B78     		ldrb	r3, [r3]	@ zero_extendqisi2
 132 0004 DBB2     		uxtb	r3, r3
 133              	.LVL12:
 299:Generated_Source\PSoC5/cyfitter_cfg.c **** 	CY_SET_XTND_REG8((void CYFAR *)(CYREG_BG_DFT0), (bg_xover_inl_trim & 0x07u));
 134              		.loc 1 299 0
 135 0006 03F00701 		and	r1, r3, #7
 136 000a 094A     		ldr	r2, .L10+4
 137 000c 1170     		strb	r1, [r2]
 300:Generated_Source\PSoC5/cyfitter_cfg.c **** 	CY_SET_XTND_REG8((void CYFAR *)(CYREG_BG_DFT1), ((bg_xover_inl_trim >> 4) & 0x0Fu));
 138              		.loc 1 300 0
 139 000e 1B09     		lsrs	r3, r3, #4
 140              	.LVL13:
 141 0010 0132     		adds	r2, r2, #1
 142 0012 1370     		strb	r3, [r2]
 301:Generated_Source\PSoC5/cyfitter_cfg.c **** 	CY_SET_XTND_REG8((void CYFAR *)CYREG_OPAMP0_SW, 0x05u);
 143              		.loc 1 301 0
 144 0014 0523     		movs	r3, #5
 145 0016 02F2D222 		addw	r2, r2, #722
 146 001a 1370     		strb	r3, [r2]
 302:Generated_Source\PSoC5/cyfitter_cfg.c **** 	CY_SET_XTND_REG8((void CYFAR *)CYREG_OPAMP2_SW, 0x05u);
 147              		.loc 1 302 0
 148 001c 0432     		adds	r2, r2, #4
 149 001e 1370     		strb	r3, [r2]
 303:Generated_Source\PSoC5/cyfitter_cfg.c **** 	CY_SET_XTND_REG8((void CYFAR *)CYREG_OPAMP3_SW, 0x05u);
 150              		.loc 1 303 0
ARM GAS  C:\Users\ALESSA~1\AppData\Local\Temp\ccxgxNq9.s 			page 9


 151 0020 0232     		adds	r2, r2, #2
 152 0022 1370     		strb	r3, [r2]
 304:Generated_Source\PSoC5/cyfitter_cfg.c **** 	CY_SET_XTND_REG8((void CYFAR *)CYREG_PUMP_CR0, 0x44u);
 153              		.loc 1 304 0
 154 0024 4422     		movs	r2, #68
 155 0026 034B     		ldr	r3, .L10+8
 156 0028 1A70     		strb	r2, [r3]
 157 002a 7047     		bx	lr
 158              	.L11:
 159              		.align	2
 160              	.L10:
 161 002c CF010049 		.word	1224737231
 162 0030 6E580040 		.word	1073764462
 163 0034 76580040 		.word	1073764470
 164              		.cfi_endproc
 165              	.LFE6:
 166              		.size	AnalogSetDefault, .-AnalogSetDefault
 167              		.section	.text.CYMEMZERO,"ax",%progbits
 168              		.align	2
 169              		.thumb
 170              		.thumb_func
 171              		.type	CYMEMZERO, %function
 172              	CYMEMZERO:
 173              	.LFB0:
  78:Generated_Source\PSoC5/cyfitter_cfg.c **** 	(void)memset(s, 0, n);
 174              		.loc 1 78 0
 175              		.cfi_startproc
 176              		@ args = 0, pretend = 0, frame = 0
 177              		@ frame_needed = 0, uses_anonymous_args = 0
 178              	.LVL14:
 179 0000 08B5     		push	{r3, lr}
 180              		.cfi_def_cfa_offset 8
 181              		.cfi_offset 3, -8
 182              		.cfi_offset 14, -4
  79:Generated_Source\PSoC5/cyfitter_cfg.c **** }
 183              		.loc 1 79 0
 184 0002 0A46     		mov	r2, r1
 185 0004 0021     		movs	r1, #0
 186              	.LVL15:
 187 0006 FFF7FEFF 		bl	memset
 188              	.LVL16:
 189 000a 08BD     		pop	{r3, pc}
 190              		.cfi_endproc
 191              	.LFE0:
 192              		.size	CYMEMZERO, .-CYMEMZERO
 193              		.section	.text.ClockSetup,"ax",%progbits
 194              		.align	2
 195              		.thumb
 196              		.thumb_func
 197              		.type	ClockSetup, %function
 198              	ClockSetup:
 199              	.LFB5:
 228:Generated_Source\PSoC5/cyfitter_cfg.c **** 	uint32 timeout;
 200              		.loc 1 228 0
 201              		.cfi_startproc
 202              		@ args = 0, pretend = 0, frame = 0
 203              		@ frame_needed = 0, uses_anonymous_args = 0
ARM GAS  C:\Users\ALESSA~1\AppData\Local\Temp\ccxgxNq9.s 			page 10


 204 0000 38B5     		push	{r3, r4, r5, lr}
 205              		.cfi_def_cfa_offset 16
 206              		.cfi_offset 3, -16
 207              		.cfi_offset 4, -12
 208              		.cfi_offset 5, -8
 209              		.cfi_offset 14, -4
 234:Generated_Source\PSoC5/cyfitter_cfg.c **** 	CY_SET_XTND_REG8((void CYFAR *)(CYREG_CLKDIST_DCFG0_CFG0 + 0x2u), 0x18u);
 210              		.loc 1 234 0
 211 0002 9B22     		movs	r2, #155
 212 0004 294B     		ldr	r3, .L20
 213 0006 1A80     		strh	r2, [r3]	@ movhi
 235:Generated_Source\PSoC5/cyfitter_cfg.c **** 	CY_SET_XTND_REG16((void CYFAR *)(CYREG_CLKDIST_DCFG1_CFG0), 0x0000u);
 214              		.loc 1 235 0
 215 0008 1822     		movs	r2, #24
 216 000a 0233     		adds	r3, r3, #2
 217 000c 1A70     		strb	r2, [r3]
 236:Generated_Source\PSoC5/cyfitter_cfg.c **** 	CY_SET_XTND_REG8((void CYFAR *)(CYREG_CLKDIST_DCFG1_CFG0 + 0x2u), 0x1Bu);
 218              		.loc 1 236 0
 219 000e 0024     		movs	r4, #0
 220 0010 0233     		adds	r3, r3, #2
 221 0012 1C80     		strh	r4, [r3]	@ movhi
 237:Generated_Source\PSoC5/cyfitter_cfg.c **** 	CY_SET_XTND_REG16((void CYFAR *)(CYREG_CLKDIST_DCFG2_CFG0), 0x752Fu);
 222              		.loc 1 237 0
 223 0014 1B22     		movs	r2, #27
 224 0016 0233     		adds	r3, r3, #2
 225 0018 1A70     		strb	r2, [r3]
 238:Generated_Source\PSoC5/cyfitter_cfg.c **** 	CY_SET_XTND_REG8((void CYFAR *)(CYREG_CLKDIST_DCFG2_CFG0 + 0x2u), 0x19u);
 226              		.loc 1 238 0
 227 001a 47F22F52 		movw	r2, #29999
 228 001e 0233     		adds	r3, r3, #2
 229 0020 1A80     		strh	r2, [r3]	@ movhi
 239:Generated_Source\PSoC5/cyfitter_cfg.c **** 
 230              		.loc 1 239 0
 231 0022 1925     		movs	r5, #25
 232 0024 0233     		adds	r3, r3, #2
 233 0026 1D70     		strb	r5, [r3]
 242:Generated_Source\PSoC5/cyfitter_cfg.c **** 	CY_SET_XTND_REG8((void CYFAR *)(CYREG_CLKDIST_CR), 0x08u);
 234              		.loc 1 242 0
 235 0028 0222     		movs	r2, #2
 236 002a 03F27623 		addw	r3, r3, #630
 237 002e 1A70     		strb	r2, [r3]
 243:Generated_Source\PSoC5/cyfitter_cfg.c **** 
 238              		.loc 1 243 0
 239 0030 0822     		movs	r2, #8
 240 0032 4FF04023 		mov	r3, #1073758208
 241 0036 1A70     		strb	r2, [r3]
 246:Generated_Source\PSoC5/cyfitter_cfg.c **** 	CY_SET_XTND_REG8((void CYFAR *)(CYREG_IMO_TR1), (CY_GET_XTND_REG8((void CYFAR *)CYREG_FLSHID_CUST_
 242              		.loc 1 246 0
 243 0038 0321     		movs	r1, #3
 244 003a 03F50073 		add	r3, r3, #512
 245 003e 1970     		strb	r1, [r3]
 247:Generated_Source\PSoC5/cyfitter_cfg.c **** 
 246              		.loc 1 247 0
 247 0040 1B4B     		ldr	r3, .L20+4
 248 0042 1B78     		ldrb	r3, [r3]	@ zero_extendqisi2
 249 0044 DBB2     		uxtb	r3, r3
 250 0046 1B49     		ldr	r1, .L20+8
ARM GAS  C:\Users\ALESSA~1\AppData\Local\Temp\ccxgxNq9.s 			page 11


 251 0048 0B70     		strb	r3, [r1]
 250:Generated_Source\PSoC5/cyfitter_cfg.c **** 	CY_SET_XTND_REG16((void CYFAR *)(CYREG_FASTCLK_PLL_CFG0), 0x1251u);
 252              		.loc 1 250 0
 253 004a 1B4B     		ldr	r3, .L20+12
 254 004c 1A80     		strh	r2, [r3]	@ movhi
 251:Generated_Source\PSoC5/cyfitter_cfg.c **** 	/* Wait up to 250us for the PLL to lock */
 255              		.loc 1 251 0
 256 004e 41F25122 		movw	r2, #4689
 257 0052 023B     		subs	r3, r3, #2
 258 0054 1A80     		strh	r2, [r3]	@ movhi
 259              	.LVL17:
 254:Generated_Source\PSoC5/cyfitter_cfg.c **** 	{ 
 260              		.loc 1 254 0
 261 0056 0CE0     		b	.L15
 262              	.LVL18:
 263              	.L17:
 256:Generated_Source\PSoC5/cyfitter_cfg.c **** 		CyDelayCycles(10u * 48u); /* Delay 10us based on 48MHz clock */
 264              		.loc 1 256 0 discriminator 4
 265 0058 184B     		ldr	r3, .L20+16
 266 005a 1B78     		ldrb	r3, [r3]	@ zero_extendqisi2
 267 005c 03F00103 		and	r3, r3, #1
 268 0060 43EA4404 		orr	r4, r3, r4, lsl #1
 269              	.LVL19:
 270 0064 04F00304 		and	r4, r4, #3
 271              	.LVL20:
 257:Generated_Source\PSoC5/cyfitter_cfg.c **** 	}
 272              		.loc 1 257 0 discriminator 4
 273 0068 4FF4F070 		mov	r0, #480
 274 006c FFF7FEFF 		bl	CyDelayCycles
 275              	.LVL21:
 254:Generated_Source\PSoC5/cyfitter_cfg.c **** 	{ 
 276              		.loc 1 254 0 discriminator 4
 277 0070 013D     		subs	r5, r5, #1
 278              	.LVL22:
 279              	.L15:
 254:Generated_Source\PSoC5/cyfitter_cfg.c **** 	{ 
 280              		.loc 1 254 0 is_stmt 0 discriminator 1
 281 0072 0DB1     		cbz	r5, .L16
 254:Generated_Source\PSoC5/cyfitter_cfg.c **** 	{ 
 282              		.loc 1 254 0 discriminator 3
 283 0074 032C     		cmp	r4, #3
 284 0076 EFD1     		bne	.L17
 285              	.L16:
 260:Generated_Source\PSoC5/cyfitter_cfg.c **** 	{
 286              		.loc 1 260 0 is_stmt 1
 287 0078 15B9     		cbnz	r5, .L18
 262:Generated_Source\PSoC5/cyfitter_cfg.c **** 	}
 288              		.loc 1 262 0
 289 007a 0320     		movs	r0, #3
 290 007c FFF7FEFF 		bl	CyClockStartupError
 291              	.LVL23:
 292              	.L18:
 266:Generated_Source\PSoC5/cyfitter_cfg.c **** 	CY_SET_XTND_REG8((void CYFAR *)(CYREG_CLKDIST_MSTR0), 0x07u);
 293              		.loc 1 266 0
 294 0080 0F4B     		ldr	r3, .L20+20
 295 0082 4FF48072 		mov	r2, #256
 296 0086 1A80     		strh	r2, [r3]	@ movhi
ARM GAS  C:\Users\ALESSA~1\AppData\Local\Temp\ccxgxNq9.s 			page 12


 267:Generated_Source\PSoC5/cyfitter_cfg.c **** 	CY_SET_XTND_REG8((void CYFAR *)(CYREG_CLKDIST_BCFG0), 0x00u);
 297              		.loc 1 267 0
 298 0088 0722     		movs	r2, #7
 299 008a 1A70     		strb	r2, [r3]
 268:Generated_Source\PSoC5/cyfitter_cfg.c **** 	CY_SET_XTND_REG8((void CYFAR *)(CYREG_CLKDIST_BCFG2), 0x48u);
 300              		.loc 1 268 0
 301 008c 0022     		movs	r2, #0
 302 008e 0D49     		ldr	r1, .L20+24
 303 0090 0A70     		strb	r2, [r1]
 269:Generated_Source\PSoC5/cyfitter_cfg.c **** 	CY_SET_XTND_REG8((void CYFAR *)(CYREG_CLKDIST_MSTR0), 0x00u);
 304              		.loc 1 269 0
 305 0092 4820     		movs	r0, #72
 306 0094 0231     		adds	r1, r1, #2
 307 0096 0870     		strb	r0, [r1]
 270:Generated_Source\PSoC5/cyfitter_cfg.c **** 	CY_SET_XTND_REG8((void CYFAR *)(CYREG_CLKDIST_LD), 0x02u);
 308              		.loc 1 270 0
 309 0098 1A70     		strb	r2, [r3]
 271:Generated_Source\PSoC5/cyfitter_cfg.c **** 
 310              		.loc 1 271 0
 311 009a 0222     		movs	r2, #2
 312 009c 033B     		subs	r3, r3, #3
 313 009e 1A70     		strb	r2, [r3]
 273:Generated_Source\PSoC5/cyfitter_cfg.c **** }
 314              		.loc 1 273 0
 315 00a0 094A     		ldr	r2, .L20+28
 316 00a2 1378     		ldrb	r3, [r2]	@ zero_extendqisi2
 317 00a4 43F00703 		orr	r3, r3, #7
 318 00a8 1370     		strb	r3, [r2]
 319 00aa 38BD     		pop	{r3, r4, r5, pc}
 320              	.LVL24:
 321              	.L21:
 322              		.align	2
 323              	.L20:
 324 00ac 80400040 		.word	1073758336
 325 00b0 08010049 		.word	1224737032
 326 00b4 A1460040 		.word	1073759905
 327 00b8 22420040 		.word	1073758754
 328 00bc 25420040 		.word	1073758757
 329 00c0 04400040 		.word	1073758212
 330 00c4 06400040 		.word	1073758214
 331 00c8 A2430040 		.word	1073759138
 332              		.cfi_endproc
 333              	.LFE5:
 334              		.size	ClockSetup, .-ClockSetup
 335              		.section	.text.CYCONFIGCPY,"ax",%progbits
 336              		.align	2
 337              		.thumb
 338              		.thumb_func
 339              		.type	CYCONFIGCPY, %function
 340              	CYCONFIGCPY:
 341              	.LFB1:
  85:Generated_Source\PSoC5/cyfitter_cfg.c **** 	(void)memcpy(dest, src, n);
 342              		.loc 1 85 0
 343              		.cfi_startproc
 344              		@ args = 0, pretend = 0, frame = 0
 345              		@ frame_needed = 0, uses_anonymous_args = 0
 346              	.LVL25:
ARM GAS  C:\Users\ALESSA~1\AppData\Local\Temp\ccxgxNq9.s 			page 13


 347 0000 08B5     		push	{r3, lr}
 348              		.cfi_def_cfa_offset 8
 349              		.cfi_offset 3, -8
 350              		.cfi_offset 14, -4
  86:Generated_Source\PSoC5/cyfitter_cfg.c **** }
 351              		.loc 1 86 0
 352 0002 FFF7FEFF 		bl	memcpy
 353              	.LVL26:
 354 0006 08BD     		pop	{r3, pc}
 355              		.cfi_endproc
 356              	.LFE1:
 357              		.size	CYCONFIGCPY, .-CYCONFIGCPY
 358              		.section	.text.SetAnalogRoutingPumps,"ax",%progbits
 359              		.align	2
 360              		.global	SetAnalogRoutingPumps
 361              		.thumb
 362              		.thumb_func
 363              		.type	SetAnalogRoutingPumps, %function
 364              	SetAnalogRoutingPumps:
 365              	.LFB7:
 305:Generated_Source\PSoC5/cyfitter_cfg.c **** }
 306:Generated_Source\PSoC5/cyfitter_cfg.c **** 
 307:Generated_Source\PSoC5/cyfitter_cfg.c **** 
 308:Generated_Source\PSoC5/cyfitter_cfg.c **** /*******************************************************************************
 309:Generated_Source\PSoC5/cyfitter_cfg.c **** * Function Name: SetAnalogRoutingPumps
 310:Generated_Source\PSoC5/cyfitter_cfg.c **** ********************************************************************************
 311:Generated_Source\PSoC5/cyfitter_cfg.c **** *
 312:Generated_Source\PSoC5/cyfitter_cfg.c **** * Summary:
 313:Generated_Source\PSoC5/cyfitter_cfg.c **** * Enables or disables the analog pumps feeding analog routing switches.
 314:Generated_Source\PSoC5/cyfitter_cfg.c **** * Intended to be called at startup, based on the Vdda system configuration;
 315:Generated_Source\PSoC5/cyfitter_cfg.c **** * may be called during operation when the user informs us that the Vdda voltage
 316:Generated_Source\PSoC5/cyfitter_cfg.c **** * crossed the pump threshold.
 317:Generated_Source\PSoC5/cyfitter_cfg.c **** *
 318:Generated_Source\PSoC5/cyfitter_cfg.c **** * Parameters:
 319:Generated_Source\PSoC5/cyfitter_cfg.c **** *  enabled - 1 to enable the pumps, 0 to disable the pumps
 320:Generated_Source\PSoC5/cyfitter_cfg.c **** *
 321:Generated_Source\PSoC5/cyfitter_cfg.c **** * Return:
 322:Generated_Source\PSoC5/cyfitter_cfg.c **** *  void
 323:Generated_Source\PSoC5/cyfitter_cfg.c **** *
 324:Generated_Source\PSoC5/cyfitter_cfg.c **** *******************************************************************************/
 325:Generated_Source\PSoC5/cyfitter_cfg.c **** void SetAnalogRoutingPumps(uint8 enabled)
 326:Generated_Source\PSoC5/cyfitter_cfg.c **** {
 366              		.loc 1 326 0
 367              		.cfi_startproc
 368              		@ args = 0, pretend = 0, frame = 0
 369              		@ frame_needed = 0, uses_anonymous_args = 0
 370              		@ link register save eliminated.
 371              	.LVL27:
 327:Generated_Source\PSoC5/cyfitter_cfg.c **** 	uint8 regValue = CY_GET_XTND_REG8((void CYFAR *)CYREG_PUMP_CR0);
 372              		.loc 1 327 0
 373 0000 024A     		ldr	r2, .L25
 374 0002 1378     		ldrb	r3, [r2]	@ zero_extendqisi2
 375 0004 DBB2     		uxtb	r3, r3
 376              	.LVL28:
 328:Generated_Source\PSoC5/cyfitter_cfg.c **** 	if (enabled != 0u)
 329:Generated_Source\PSoC5/cyfitter_cfg.c **** 	{
 330:Generated_Source\PSoC5/cyfitter_cfg.c **** 		regValue |= 0x00u;
ARM GAS  C:\Users\ALESSA~1\AppData\Local\Temp\ccxgxNq9.s 			page 14


 331:Generated_Source\PSoC5/cyfitter_cfg.c **** 	}
 332:Generated_Source\PSoC5/cyfitter_cfg.c **** 	else
 333:Generated_Source\PSoC5/cyfitter_cfg.c **** 	{
 334:Generated_Source\PSoC5/cyfitter_cfg.c **** 		regValue &= (uint8)~0x00u;
 335:Generated_Source\PSoC5/cyfitter_cfg.c **** 	}
 336:Generated_Source\PSoC5/cyfitter_cfg.c **** 	CY_SET_XTND_REG8((void CYFAR *)CYREG_PUMP_CR0, regValue);
 377              		.loc 1 336 0
 378 0006 1370     		strb	r3, [r2]
 379 0008 7047     		bx	lr
 380              	.L26:
 381 000a 00BF     		.align	2
 382              	.L25:
 383 000c 76580040 		.word	1073764470
 384              		.cfi_endproc
 385              	.LFE7:
 386              		.size	SetAnalogRoutingPumps, .-SetAnalogRoutingPumps
 387              		.section	.text.cyfitter_cfg,"ax",%progbits
 388              		.align	2
 389              		.global	cyfitter_cfg
 390              		.thumb
 391              		.thumb_func
 392              		.type	cyfitter_cfg, %function
 393              	cyfitter_cfg:
 394              	.LFB8:
 337:Generated_Source\PSoC5/cyfitter_cfg.c **** }
 338:Generated_Source\PSoC5/cyfitter_cfg.c **** 
 339:Generated_Source\PSoC5/cyfitter_cfg.c **** 
 340:Generated_Source\PSoC5/cyfitter_cfg.c **** 
 341:Generated_Source\PSoC5/cyfitter_cfg.c **** 
 342:Generated_Source\PSoC5/cyfitter_cfg.c **** /*******************************************************************************
 343:Generated_Source\PSoC5/cyfitter_cfg.c **** * Function Name: cyfitter_cfg
 344:Generated_Source\PSoC5/cyfitter_cfg.c **** ********************************************************************************
 345:Generated_Source\PSoC5/cyfitter_cfg.c **** * Summary:
 346:Generated_Source\PSoC5/cyfitter_cfg.c **** *  This function is called by the start-up code for the selected device. It
 347:Generated_Source\PSoC5/cyfitter_cfg.c **** *  performs all of the necessary device configuration based on the design
 348:Generated_Source\PSoC5/cyfitter_cfg.c **** *  settings.  This includes settings from the Design Wide Resources (DWR) such
 349:Generated_Source\PSoC5/cyfitter_cfg.c **** *  as Clocks and Pins as well as any component configuration that is necessary.
 350:Generated_Source\PSoC5/cyfitter_cfg.c **** *
 351:Generated_Source\PSoC5/cyfitter_cfg.c **** * Parameters:
 352:Generated_Source\PSoC5/cyfitter_cfg.c **** *   void
 353:Generated_Source\PSoC5/cyfitter_cfg.c **** *
 354:Generated_Source\PSoC5/cyfitter_cfg.c **** * Return:
 355:Generated_Source\PSoC5/cyfitter_cfg.c **** *   void
 356:Generated_Source\PSoC5/cyfitter_cfg.c **** *
 357:Generated_Source\PSoC5/cyfitter_cfg.c **** *******************************************************************************/
 358:Generated_Source\PSoC5/cyfitter_cfg.c **** 
 359:Generated_Source\PSoC5/cyfitter_cfg.c **** void cyfitter_cfg(void)
 360:Generated_Source\PSoC5/cyfitter_cfg.c **** {
 395              		.loc 1 360 0
 396              		.cfi_startproc
 397              		@ args = 0, pretend = 0, frame = 0
 398              		@ frame_needed = 0, uses_anonymous_args = 0
 399 0000 38B5     		push	{r3, r4, r5, lr}
 400              		.cfi_def_cfa_offset 16
 401              		.cfi_offset 3, -16
 402              		.cfi_offset 4, -12
 403              		.cfi_offset 5, -8
ARM GAS  C:\Users\ALESSA~1\AppData\Local\Temp\ccxgxNq9.s 			page 15


 404              		.cfi_offset 14, -4
 361:Generated_Source\PSoC5/cyfitter_cfg.c **** #ifdef CYGlobalIntDisable
 362:Generated_Source\PSoC5/cyfitter_cfg.c **** 	/* Disable interrupts by default. Let user enable if/when they want. */
 363:Generated_Source\PSoC5/cyfitter_cfg.c **** 	CYGlobalIntDisable
 405              		.loc 1 363 0
 406              		.syntax unified
 407              	@ 363 "Generated_Source\PSoC5\cyfitter_cfg.c" 1
 408 0002 72B6     		CPSID   i
 409              	@ 0 "" 2
 364:Generated_Source\PSoC5/cyfitter_cfg.c **** #endif
 365:Generated_Source\PSoC5/cyfitter_cfg.c **** 
 366:Generated_Source\PSoC5/cyfitter_cfg.c **** 	/* Enable/Disable Debug functionality based on settings from System DWR */
 367:Generated_Source\PSoC5/cyfitter_cfg.c **** 	CY_SET_XTND_REG8((void CYFAR *)CYREG_MLOGIC_DEBUG, (CY_GET_XTND_REG8((void CYFAR *)CYREG_MLOGIC_DE
 410              		.loc 1 367 0
 411              		.thumb
 412              		.syntax unified
 413 0004 304A     		ldr	r2, .L31
 414 0006 1378     		ldrb	r3, [r2]	@ zero_extendqisi2
 415 0008 43F00403 		orr	r3, r3, #4
 416 000c 1370     		strb	r3, [r2]
 417              	.LVL29:
 418              	.LBB3:
 368:Generated_Source\PSoC5/cyfitter_cfg.c **** 
 369:Generated_Source\PSoC5/cyfitter_cfg.c **** 	{
 370:Generated_Source\PSoC5/cyfitter_cfg.c **** 
 371:Generated_Source\PSoC5/cyfitter_cfg.c **** 		CYPACKED typedef struct {
 372:Generated_Source\PSoC5/cyfitter_cfg.c **** 			void CYFAR *address;
 373:Generated_Source\PSoC5/cyfitter_cfg.c **** 			uint16 size;
 374:Generated_Source\PSoC5/cyfitter_cfg.c **** 		} CYPACKED_ATTR cfg_memset_t;
 375:Generated_Source\PSoC5/cyfitter_cfg.c **** 
 376:Generated_Source\PSoC5/cyfitter_cfg.c **** 		static const cfg_memset_t CYCODE cfg_memset_list[] = {
 377:Generated_Source\PSoC5/cyfitter_cfg.c **** 			/* address, size */
 378:Generated_Source\PSoC5/cyfitter_cfg.c **** 			{(void CYFAR *)(CYREG_TMR0_CFG0), 12u},
 379:Generated_Source\PSoC5/cyfitter_cfg.c **** 			{(void CYFAR *)(CYREG_PRT4_DR), 48u},
 380:Generated_Source\PSoC5/cyfitter_cfg.c **** 			{(void CYFAR *)(CYREG_PRT15_DR), 16u},
 381:Generated_Source\PSoC5/cyfitter_cfg.c **** 			{(void CYFAR *)(CYDEV_UCFG_B0_P0_U0_BASE), 4096u},
 382:Generated_Source\PSoC5/cyfitter_cfg.c **** 			{(void CYFAR *)(CYDEV_UCFG_B1_P2_U0_BASE), 2048u},
 383:Generated_Source\PSoC5/cyfitter_cfg.c **** 			{(void CYFAR *)(CYDEV_UCFG_DSI0_BASE), 2560u},
 384:Generated_Source\PSoC5/cyfitter_cfg.c **** 			{(void CYFAR *)(CYDEV_UCFG_DSI12_BASE), 512u},
 385:Generated_Source\PSoC5/cyfitter_cfg.c **** 			{(void CYFAR *)(CYREG_BCTL0_MDCLK_EN), 32u},
 386:Generated_Source\PSoC5/cyfitter_cfg.c **** 		};
 387:Generated_Source\PSoC5/cyfitter_cfg.c **** 
 388:Generated_Source\PSoC5/cyfitter_cfg.c **** 		uint8 CYDATA i;
 389:Generated_Source\PSoC5/cyfitter_cfg.c **** 
 390:Generated_Source\PSoC5/cyfitter_cfg.c **** 		/* Zero out critical memory blocks before beginning configuration */
 391:Generated_Source\PSoC5/cyfitter_cfg.c **** 		for (i = 0u; i < (sizeof(cfg_memset_list)/sizeof(cfg_memset_list[0])); i++)
 419              		.loc 1 391 0
 420 000e 0024     		movs	r4, #0
 421 0010 0CE0     		b	.L28
 422              	.LVL30:
 423              	.L29:
 424              	.LBB4:
 392:Generated_Source\PSoC5/cyfitter_cfg.c **** 		{
 393:Generated_Source\PSoC5/cyfitter_cfg.c **** 			const cfg_memset_t CYCODE * CYDATA ms = &cfg_memset_list[i];
 394:Generated_Source\PSoC5/cyfitter_cfg.c **** 			CYMEMZERO(ms->address, (size_t)(uint32)(ms->size));
 425              		.loc 1 394 0 discriminator 3
 426 0012 2E4D     		ldr	r5, .L31+4
ARM GAS  C:\Users\ALESSA~1\AppData\Local\Temp\ccxgxNq9.s 			page 16


 427 0014 6300     		lsls	r3, r4, #1
 428 0016 1919     		adds	r1, r3, r4
 429 0018 4A00     		lsls	r2, r1, #1
 430 001a 1146     		mov	r1, r2
 431 001c 2A44     		add	r2, r2, r5
 432 001e 0846     		mov	r0, r1
 433 0020 9188     		ldrh	r1, [r2, #4]
 434 0022 2858     		ldr	r0, [r5, r0]	@ unaligned
 435 0024 FFF7FEFF 		bl	CYMEMZERO
 436              	.LVL31:
 437              	.LBE4:
 391:Generated_Source\PSoC5/cyfitter_cfg.c **** 		{
 438              		.loc 1 391 0 discriminator 3
 439 0028 0134     		adds	r4, r4, #1
 440              	.LVL32:
 441 002a E4B2     		uxtb	r4, r4
 442              	.LVL33:
 443              	.L28:
 391:Generated_Source\PSoC5/cyfitter_cfg.c **** 		{
 444              		.loc 1 391 0 is_stmt 0 discriminator 1
 445 002c 072C     		cmp	r4, #7
 446 002e F0D9     		bls	.L29
 395:Generated_Source\PSoC5/cyfitter_cfg.c **** 		}
 396:Generated_Source\PSoC5/cyfitter_cfg.c **** 
 397:Generated_Source\PSoC5/cyfitter_cfg.c **** 		cfg_write_bytes32(cy_cfg_addr_table, cy_cfg_data_table);
 447              		.loc 1 397 0 is_stmt 1
 448 0030 2749     		ldr	r1, .L31+8
 449 0032 4FF09040 		mov	r0, #1207959552
 450 0036 FFF7FEFF 		bl	cfg_write_bytes32
 451              	.LVL34:
 398:Generated_Source\PSoC5/cyfitter_cfg.c **** 
 399:Generated_Source\PSoC5/cyfitter_cfg.c **** 		/* Enable digital routing */
 400:Generated_Source\PSoC5/cyfitter_cfg.c **** 		CY_SET_XTND_REG8((void CYFAR *)CYREG_BCTL0_BANK_CTL, CY_GET_XTND_REG8((void CYFAR *)CYREG_BCTL0_B
 452              		.loc 1 400 0
 453 003a 264A     		ldr	r2, .L31+12
 454 003c 1378     		ldrb	r3, [r2]	@ zero_extendqisi2
 455 003e 43F00203 		orr	r3, r3, #2
 456 0042 1370     		strb	r3, [r2]
 401:Generated_Source\PSoC5/cyfitter_cfg.c **** 		CY_SET_XTND_REG8((void CYFAR *)CYREG_BCTL1_BANK_CTL, CY_GET_XTND_REG8((void CYFAR *)CYREG_BCTL1_B
 457              		.loc 1 401 0
 458 0044 1032     		adds	r2, r2, #16
 459 0046 1378     		ldrb	r3, [r2]	@ zero_extendqisi2
 460 0048 43F00203 		orr	r3, r3, #2
 461 004c 1370     		strb	r3, [r2]
 402:Generated_Source\PSoC5/cyfitter_cfg.c **** 
 403:Generated_Source\PSoC5/cyfitter_cfg.c **** 		/* Enable UDB array */
 404:Generated_Source\PSoC5/cyfitter_cfg.c **** 		CY_SET_XTND_REG8((void CYFAR *)CYREG_PM_ACT_CFG0, CY_GET_XTND_REG8((void CYFAR *)CYREG_PM_ACT_CFG
 462              		.loc 1 404 0
 463 004e 224C     		ldr	r4, .L31+16
 464              	.LVL35:
 465 0050 2378     		ldrb	r3, [r4]	@ zero_extendqisi2
 466 0052 43F04003 		orr	r3, r3, #64
 467 0056 2370     		strb	r3, [r4]
 405:Generated_Source\PSoC5/cyfitter_cfg.c **** 		CY_SET_XTND_REG8((void CYFAR *)CYREG_PM_AVAIL_CR2, CY_GET_XTND_REG8((void CYFAR *)CYREG_PM_AVAIL_
 468              		.loc 1 405 0
 469 0058 A2F58632 		sub	r2, r2, #68608
 470 005c 513A     		subs	r2, r2, #81
ARM GAS  C:\Users\ALESSA~1\AppData\Local\Temp\ccxgxNq9.s 			page 17


 471 005e 1378     		ldrb	r3, [r2]	@ zero_extendqisi2
 472 0060 43F01003 		orr	r3, r3, #16
 473 0064 1370     		strb	r3, [r2]
 474              	.LBE3:
 406:Generated_Source\PSoC5/cyfitter_cfg.c **** 	}
 407:Generated_Source\PSoC5/cyfitter_cfg.c **** 
 408:Generated_Source\PSoC5/cyfitter_cfg.c **** 
 409:Generated_Source\PSoC5/cyfitter_cfg.c **** 	/* Perform second pass device configuration. These items must be configured in specific order afte
 410:Generated_Source\PSoC5/cyfitter_cfg.c **** 	CYCONFIGCPY((void CYFAR *)(CYREG_PRT0_DM0), (const void CYFAR *)(BS_IOPINS0_0_VAL), 8u);
 475              		.loc 1 410 0
 476 0066 0822     		movs	r2, #8
 477 0068 1C49     		ldr	r1, .L31+20
 478 006a 1D48     		ldr	r0, .L31+24
 479 006c FFF7FEFF 		bl	CYCONFIGCPY
 480              	.LVL36:
 411:Generated_Source\PSoC5/cyfitter_cfg.c **** 	CYCONFIGCPY((void CYFAR *)(CYREG_PRT12_DR), (const void CYFAR *)(BS_IOPINS0_7_VAL), 10u);
 481              		.loc 1 411 0
 482 0070 0A22     		movs	r2, #10
 483 0072 1C49     		ldr	r1, .L31+28
 484 0074 1C48     		ldr	r0, .L31+32
 485 0076 FFF7FEFF 		bl	CYCONFIGCPY
 486              	.LVL37:
 412:Generated_Source\PSoC5/cyfitter_cfg.c **** 	CYCONFIGCPY((void CYFAR *)(CYREG_PRT1_DM0), (const void CYFAR *)(BS_IOPINS0_1_VAL), 8u);
 487              		.loc 1 412 0
 488 007a 0822     		movs	r2, #8
 489 007c 1B49     		ldr	r1, .L31+36
 490 007e 1C48     		ldr	r0, .L31+40
 491 0080 FFF7FEFF 		bl	CYCONFIGCPY
 492              	.LVL38:
 413:Generated_Source\PSoC5/cyfitter_cfg.c **** 	CYCONFIGCPY((void CYFAR *)(CYREG_PRT2_DM0), (const void CYFAR *)(BS_IOPINS0_2_VAL), 8u);
 493              		.loc 1 413 0
 494 0084 0822     		movs	r2, #8
 495 0086 1B49     		ldr	r1, .L31+44
 496 0088 1B48     		ldr	r0, .L31+48
 497 008a FFF7FEFF 		bl	CYCONFIGCPY
 498              	.LVL39:
 414:Generated_Source\PSoC5/cyfitter_cfg.c **** 	CYCONFIGCPY((void CYFAR *)(CYREG_PRT3_DM0), (const void CYFAR *)(BS_IOPINS0_3_VAL), 8u);
 499              		.loc 1 414 0
 500 008e 0822     		movs	r2, #8
 501 0090 1A49     		ldr	r1, .L31+52
 502 0092 1B48     		ldr	r0, .L31+56
 503 0094 FFF7FEFF 		bl	CYCONFIGCPY
 504              	.LVL40:
 415:Generated_Source\PSoC5/cyfitter_cfg.c **** 	/* Switch Boost to the precision bandgap reference from its internal reference */
 416:Generated_Source\PSoC5/cyfitter_cfg.c **** 	CY_SET_REG8((void CYXDATA *)CYREG_BOOST_CR2, (CY_GET_REG8((void CYXDATA *)CYREG_BOOST_CR2) | 0x08u
 505              		.loc 1 416 0
 506 0098 1A4A     		ldr	r2, .L31+60
 507 009a 1378     		ldrb	r3, [r2]	@ zero_extendqisi2
 508 009c 43F00803 		orr	r3, r3, #8
 509 00a0 1370     		strb	r3, [r2]
 417:Generated_Source\PSoC5/cyfitter_cfg.c **** 
 418:Generated_Source\PSoC5/cyfitter_cfg.c **** 	/* Set Flash Cycles based on max possible frequency in case a glitch occurs during ClockSetup(). *
 419:Generated_Source\PSoC5/cyfitter_cfg.c **** 	CY_SET_XTND_REG8((void CYFAR *)(CYREG_CACHE_CC_CTL), (((CYDEV_INSTRUCT_CACHE_ENABLED) != 0) ? 0x61
 510              		.loc 1 419 0
 511 00a2 194D     		ldr	r5, .L31+64
 512 00a4 6123     		movs	r3, #97
 513 00a6 2B70     		strb	r3, [r5]
ARM GAS  C:\Users\ALESSA~1\AppData\Local\Temp\ccxgxNq9.s 			page 18


 420:Generated_Source\PSoC5/cyfitter_cfg.c **** 	/* Setup clocks based on selections from Clock DWR */
 421:Generated_Source\PSoC5/cyfitter_cfg.c **** 	ClockSetup();
 514              		.loc 1 421 0
 515 00a8 FFF7FEFF 		bl	ClockSetup
 516              	.LVL41:
 422:Generated_Source\PSoC5/cyfitter_cfg.c **** 	/* Set Flash Cycles based on newly configured 24.00MHz Bus Clock. */
 423:Generated_Source\PSoC5/cyfitter_cfg.c **** 	CY_SET_XTND_REG8((void CYFAR *)(CYREG_CACHE_CC_CTL), (((CYDEV_INSTRUCT_CACHE_ENABLED) != 0) ? 0x81
 517              		.loc 1 423 0
 518 00ac 8123     		movs	r3, #129
 519 00ae 2B70     		strb	r3, [r5]
 424:Generated_Source\PSoC5/cyfitter_cfg.c **** 	CY_SET_XTND_REG8((void CYFAR *)(CYREG_PANTHER_WAITPIPE), 0x01u);
 520              		.loc 1 424 0
 521 00b0 0122     		movs	r2, #1
 522 00b2 164B     		ldr	r3, .L31+68
 523 00b4 1A70     		strb	r2, [r3]
 425:Generated_Source\PSoC5/cyfitter_cfg.c **** 
 426:Generated_Source\PSoC5/cyfitter_cfg.c **** 	/* Perform basic analog initialization to defaults */
 427:Generated_Source\PSoC5/cyfitter_cfg.c **** 	AnalogSetDefault();
 524              		.loc 1 427 0
 525 00b6 FFF7FEFF 		bl	AnalogSetDefault
 526              	.LVL42:
 428:Generated_Source\PSoC5/cyfitter_cfg.c **** 
 429:Generated_Source\PSoC5/cyfitter_cfg.c **** 	/* Configure alternate active mode */
 430:Generated_Source\PSoC5/cyfitter_cfg.c **** 	CYCONFIGCPY((void CYFAR *)CYDEV_PM_STBY_BASE, (const void CYFAR *)CYDEV_PM_ACT_BASE, 14u);
 527              		.loc 1 430 0
 528 00ba 0E22     		movs	r2, #14
 529 00bc 2146     		mov	r1, r4
 530 00be 1448     		ldr	r0, .L31+72
 531 00c0 FFF7FEFF 		bl	CYCONFIGCPY
 532              	.LVL43:
 533 00c4 38BD     		pop	{r3, r4, r5, pc}
 534              	.L32:
 535 00c6 00BF     		.align	2
 536              	.L31:
 537 00c8 E8460040 		.word	1073759976
 538 00cc 00000000 		.word	.LANCHOR0
 539 00d0 7C000048 		.word	1207959676
 540 00d4 03500140 		.word	1073827843
 541 00d8 A0430040 		.word	1073759136
 542 00dc 5C050048 		.word	1207960924
 543 00e0 02510040 		.word	1073762562
 544 00e4 64050048 		.word	1207960932
 545 00e8 C0510040 		.word	1073762752
 546 00ec 70050048 		.word	1207960944
 547 00f0 12510040 		.word	1073762578
 548 00f4 78050048 		.word	1207960952
 549 00f8 22510040 		.word	1073762594
 550 00fc 80050048 		.word	1207960960
 551 0100 32510040 		.word	1073762610
 552 0104 22430040 		.word	1073759010
 553 0108 00480040 		.word	1073760256
 554 010c 04000840 		.word	1074266116
 555 0110 B0430040 		.word	1073759152
 556              		.cfi_endproc
 557              	.LFE8:
 558              		.size	cyfitter_cfg, .-cyfitter_cfg
 559              		.section	.rodata
ARM GAS  C:\Users\ALESSA~1\AppData\Local\Temp\ccxgxNq9.s 			page 19


 560              		.align	2
 561              		.set	.LANCHOR0,. + 0
 562              		.type	cfg_memset_list.5013, %object
 563              		.size	cfg_memset_list.5013, 48
 564              	cfg_memset_list.5013:
 565 0000 004F0040 		.word	1073762048
 566 0004 0C00     		.short	12
 567 0006 40510040 		.4byte	1073762624
 568 000a 3000     		.short	48
 569 000c F0510040 		.word	1073762800
 570 0010 1000     		.short	16
 571 0012 00000140 		.4byte	1073807360
 572 0016 0010     		.short	4096
 573 0018 00140140 		.word	1073812480
 574 001c 0008     		.short	2048
 575 001e 00400140 		.4byte	1073823744
 576 0022 000A     		.short	2560
 577 0024 004C0140 		.word	1073826816
 578 0028 0002     		.short	512
 579 002a 00500140 		.4byte	1073827840
 580 002e 2000     		.short	32
 581              		.text
 582              	.Letext0:
 583              		.file 2 "c:\\program files (x86)\\cypress\\psoc creator\\4.4\\psoc creator\\import\\gnu\\arm\\5.4.
 584              		.file 3 "Generated_Source\\PSoC5\\cytypes.h"
 585              		.file 4 "Generated_Source\\PSoC5\\CyLib.h"
 586              		.section	.debug_info,"",%progbits
 587              	.Ldebug_info0:
 588 0000 0F050000 		.4byte	0x50f
 589 0004 0400     		.2byte	0x4
 590 0006 00000000 		.4byte	.Ldebug_abbrev0
 591 000a 04       		.byte	0x4
 592 000b 01       		.uleb128 0x1
 593 000c 9A000000 		.4byte	.LASF47
 594 0010 0C       		.byte	0xc
 595 0011 31020000 		.4byte	.LASF48
 596 0015 78020000 		.4byte	.LASF49
 597 0019 00000000 		.4byte	.Ldebug_ranges0+0
 598 001d 00000000 		.4byte	0
 599 0021 00000000 		.4byte	.Ldebug_line0
 600 0025 02       		.uleb128 0x2
 601 0026 04       		.byte	0x4
 602 0027 05       		.byte	0x5
 603 0028 696E7400 		.ascii	"int\000"
 604 002c 03       		.uleb128 0x3
 605 002d 14000000 		.4byte	.LASF12
 606 0031 02       		.byte	0x2
 607 0032 D8       		.byte	0xd8
 608 0033 37000000 		.4byte	0x37
 609 0037 04       		.uleb128 0x4
 610 0038 04       		.byte	0x4
 611 0039 07       		.byte	0x7
 612 003a CB010000 		.4byte	.LASF0
 613 003e 04       		.uleb128 0x4
 614 003f 08       		.byte	0x8
 615 0040 05       		.byte	0x5
 616 0041 23020000 		.4byte	.LASF1
ARM GAS  C:\Users\ALESSA~1\AppData\Local\Temp\ccxgxNq9.s 			page 20


 617 0045 04       		.uleb128 0x4
 618 0046 08       		.byte	0x8
 619 0047 04       		.byte	0x4
 620 0048 BF020000 		.4byte	.LASF2
 621 004c 04       		.uleb128 0x4
 622 004d 01       		.byte	0x1
 623 004e 06       		.byte	0x6
 624 004f DD020000 		.4byte	.LASF3
 625 0053 04       		.uleb128 0x4
 626 0054 01       		.byte	0x1
 627 0055 08       		.byte	0x8
 628 0056 65010000 		.4byte	.LASF4
 629 005a 04       		.uleb128 0x4
 630 005b 02       		.byte	0x2
 631 005c 05       		.byte	0x5
 632 005d 93010000 		.4byte	.LASF5
 633 0061 04       		.uleb128 0x4
 634 0062 02       		.byte	0x2
 635 0063 07       		.byte	0x7
 636 0064 4B000000 		.4byte	.LASF6
 637 0068 04       		.uleb128 0x4
 638 0069 04       		.byte	0x4
 639 006a 05       		.byte	0x5
 640 006b B1020000 		.4byte	.LASF7
 641 006f 04       		.uleb128 0x4
 642 0070 04       		.byte	0x4
 643 0071 07       		.byte	0x7
 644 0072 2D010000 		.4byte	.LASF8
 645 0076 04       		.uleb128 0x4
 646 0077 08       		.byte	0x8
 647 0078 07       		.byte	0x7
 648 0079 ED010000 		.4byte	.LASF9
 649 007d 04       		.uleb128 0x4
 650 007e 04       		.byte	0x4
 651 007f 07       		.byte	0x7
 652 0080 1A020000 		.4byte	.LASF10
 653 0084 05       		.uleb128 0x5
 654 0085 04       		.byte	0x4
 655 0086 04       		.uleb128 0x4
 656 0087 01       		.byte	0x1
 657 0088 08       		.byte	0x8
 658 0089 BA020000 		.4byte	.LASF11
 659 008d 06       		.uleb128 0x6
 660 008e 3F010000 		.4byte	.LASF13
 661 0092 03       		.byte	0x3
 662 0093 E801     		.2byte	0x1e8
 663 0095 53000000 		.4byte	0x53
 664 0099 06       		.uleb128 0x6
 665 009a A8010000 		.4byte	.LASF14
 666 009e 03       		.byte	0x3
 667 009f E901     		.2byte	0x1e9
 668 00a1 61000000 		.4byte	0x61
 669 00a5 06       		.uleb128 0x6
 670 00a6 C4010000 		.4byte	.LASF15
 671 00aa 03       		.byte	0x3
 672 00ab EA01     		.2byte	0x1ea
 673 00ad 6F000000 		.4byte	0x6f
ARM GAS  C:\Users\ALESSA~1\AppData\Local\Temp\ccxgxNq9.s 			page 21


 674 00b1 04       		.uleb128 0x4
 675 00b2 04       		.byte	0x4
 676 00b3 04       		.byte	0x4
 677 00b4 66000000 		.4byte	.LASF16
 678 00b8 04       		.uleb128 0x4
 679 00b9 08       		.byte	0x8
 680 00ba 04       		.byte	0x4
 681 00bb 7A010000 		.4byte	.LASF17
 682 00bf 06       		.uleb128 0x6
 683 00c0 28010000 		.4byte	.LASF18
 684 00c4 03       		.byte	0x3
 685 00c5 9202     		.2byte	0x292
 686 00c7 CB000000 		.4byte	0xcb
 687 00cb 07       		.uleb128 0x7
 688 00cc 8D000000 		.4byte	0x8d
 689 00d0 06       		.uleb128 0x6
 690 00d1 00000000 		.4byte	.LASF19
 691 00d5 03       		.byte	0x3
 692 00d6 9302     		.2byte	0x293
 693 00d8 DC000000 		.4byte	0xdc
 694 00dc 07       		.uleb128 0x7
 695 00dd 99000000 		.4byte	0x99
 696 00e1 08       		.uleb128 0x8
 697 00e2 02       		.byte	0x2
 698 00e3 01       		.byte	0x1
 699 00e4 98       		.byte	0x98
 700 00e5 02010000 		.4byte	0x102
 701 00e9 09       		.uleb128 0x9
 702 00ea 71020000 		.4byte	.LASF20
 703 00ee 01       		.byte	0x1
 704 00ef 9A       		.byte	0x9a
 705 00f0 8D000000 		.4byte	0x8d
 706 00f4 00       		.byte	0
 707 00f5 09       		.uleb128 0x9
 708 00f6 34000000 		.4byte	.LASF21
 709 00fa 01       		.byte	0x1
 710 00fb 9B       		.byte	0x9b
 711 00fc 8D000000 		.4byte	0x8d
 712 0100 01       		.byte	0x1
 713 0101 00       		.byte	0
 714 0102 03       		.uleb128 0x3
 715 0103 5E020000 		.4byte	.LASF22
 716 0107 01       		.byte	0x1
 717 0108 9C       		.byte	0x9c
 718 0109 E1000000 		.4byte	0xe1
 719 010d 0A       		.uleb128 0xa
 720 010e 6C000000 		.4byte	.LASF50
 721 0112 01       		.byte	0x1
 722 0113 7F       		.byte	0x7f
 723 0114 00000000 		.4byte	.LFB3
 724 0118 02000000 		.4byte	.LFE3-.LFB3
 725 011c 01       		.uleb128 0x1
 726 011d 9C       		.byte	0x9c
 727 011e 30010000 		.4byte	0x130
 728 0122 0B       		.uleb128 0xb
 729 0123 BA010000 		.4byte	.LASF23
 730 0127 01       		.byte	0x1
ARM GAS  C:\Users\ALESSA~1\AppData\Local\Temp\ccxgxNq9.s 			page 22


 731 0128 7F       		.byte	0x7f
 732 0129 8D000000 		.4byte	0x8d
 733 012d 01       		.uleb128 0x1
 734 012e 50       		.byte	0x50
 735 012f 00       		.byte	0
 736 0130 0C       		.uleb128 0xc
 737 0131 81010000 		.4byte	.LASF28
 738 0135 01       		.byte	0x1
 739 0136 C0       		.byte	0xc0
 740 0137 00000000 		.4byte	.LFB4
 741 013b 34000000 		.4byte	.LFE4-.LFB4
 742 013f 01       		.uleb128 0x1
 743 0140 9C       		.byte	0x9c
 744 0141 A2010000 		.4byte	0x1a2
 745 0145 0B       		.uleb128 0xb
 746 0146 9D010000 		.4byte	.LASF24
 747 014a 01       		.byte	0x1
 748 014b C0       		.byte	0xc0
 749 014c A2010000 		.4byte	0x1a2
 750 0150 01       		.uleb128 0x1
 751 0151 50       		.byte	0x50
 752 0152 0B       		.uleb128 0xb
 753 0153 AF010000 		.4byte	.LASF25
 754 0157 01       		.byte	0x1
 755 0158 C0       		.byte	0xc0
 756 0159 AD010000 		.4byte	0x1ad
 757 015d 01       		.uleb128 0x1
 758 015e 51       		.byte	0x51
 759 015f 0D       		.uleb128 0xd
 760 0160 6900     		.ascii	"i\000"
 761 0162 01       		.byte	0x1
 762 0163 C3       		.byte	0xc3
 763 0164 A5000000 		.4byte	0xa5
 764 0168 00000000 		.4byte	.LLST0
 765 016c 0D       		.uleb128 0xd
 766 016d 6A00     		.ascii	"j\000"
 767 016f 01       		.byte	0x1
 768 0170 C3       		.byte	0xc3
 769 0171 A5000000 		.4byte	0xa5
 770 0175 1F000000 		.4byte	.LLST1
 771 0179 0E       		.uleb128 0xe
 772 017a 08000000 		.4byte	.LBB2
 773 017e 22000000 		.4byte	.LBE2-.LBB2
 774 0182 0F       		.uleb128 0xf
 775 0183 11020000 		.4byte	.LASF26
 776 0187 01       		.byte	0x1
 777 0188 C6       		.byte	0xc6
 778 0189 A5000000 		.4byte	0xa5
 779 018d 3E000000 		.4byte	.LLST2
 780 0191 0F       		.uleb128 0xf
 781 0192 3A000000 		.4byte	.LASF27
 782 0196 01       		.byte	0x1
 783 0197 C7       		.byte	0xc7
 784 0198 8D000000 		.4byte	0x8d
 785 019c 51000000 		.4byte	.LLST3
 786 01a0 00       		.byte	0
 787 01a1 00       		.byte	0
ARM GAS  C:\Users\ALESSA~1\AppData\Local\Temp\ccxgxNq9.s 			page 23


 788 01a2 10       		.uleb128 0x10
 789 01a3 04       		.byte	0x4
 790 01a4 A8010000 		.4byte	0x1a8
 791 01a8 11       		.uleb128 0x11
 792 01a9 A5000000 		.4byte	0xa5
 793 01ad 10       		.uleb128 0x10
 794 01ae 04       		.byte	0x4
 795 01af B3010000 		.4byte	0x1b3
 796 01b3 11       		.uleb128 0x11
 797 01b4 02010000 		.4byte	0x102
 798 01b8 12       		.uleb128 0x12
 799 01b9 1B000000 		.4byte	.LASF29
 800 01bd 01       		.byte	0x1
 801 01be 2801     		.2byte	0x128
 802 01c0 00000000 		.4byte	.LFB6
 803 01c4 38000000 		.4byte	.LFE6-.LFB6
 804 01c8 01       		.uleb128 0x1
 805 01c9 9C       		.byte	0x9c
 806 01ca DF010000 		.4byte	0x1df
 807 01ce 13       		.uleb128 0x13
 808 01cf CB020000 		.4byte	.LASF30
 809 01d3 01       		.byte	0x1
 810 01d4 2A01     		.2byte	0x12a
 811 01d6 8D000000 		.4byte	0x8d
 812 01da 6F000000 		.4byte	.LLST4
 813 01de 00       		.byte	0
 814 01df 0C       		.uleb128 0xc
 815 01e0 45010000 		.4byte	.LASF31
 816 01e4 01       		.byte	0x1
 817 01e5 4D       		.byte	0x4d
 818 01e6 00000000 		.4byte	.LFB0
 819 01ea 0C000000 		.4byte	.LFE0-.LFB0
 820 01ee 01       		.uleb128 0x1
 821 01ef 9C       		.byte	0x9c
 822 01f0 2C020000 		.4byte	0x22c
 823 01f4 14       		.uleb128 0x14
 824 01f5 7300     		.ascii	"s\000"
 825 01f7 01       		.byte	0x1
 826 01f8 4D       		.byte	0x4d
 827 01f9 84000000 		.4byte	0x84
 828 01fd 82000000 		.4byte	.LLST5
 829 0201 14       		.uleb128 0x14
 830 0202 6E00     		.ascii	"n\000"
 831 0204 01       		.byte	0x1
 832 0205 4D       		.byte	0x4d
 833 0206 2C000000 		.4byte	0x2c
 834 020a A3000000 		.4byte	.LLST6
 835 020e 15       		.uleb128 0x15
 836 020f 0A000000 		.4byte	.LVL16
 837 0213 F5040000 		.4byte	0x4f5
 838 0217 16       		.uleb128 0x16
 839 0218 01       		.uleb128 0x1
 840 0219 50       		.byte	0x50
 841 021a 03       		.uleb128 0x3
 842 021b F3       		.byte	0xf3
 843 021c 01       		.uleb128 0x1
 844 021d 50       		.byte	0x50
ARM GAS  C:\Users\ALESSA~1\AppData\Local\Temp\ccxgxNq9.s 			page 24


 845 021e 16       		.uleb128 0x16
 846 021f 01       		.uleb128 0x1
 847 0220 51       		.byte	0x51
 848 0221 01       		.uleb128 0x1
 849 0222 30       		.byte	0x30
 850 0223 16       		.uleb128 0x16
 851 0224 01       		.uleb128 0x1
 852 0225 52       		.byte	0x52
 853 0226 03       		.uleb128 0x3
 854 0227 F3       		.byte	0xf3
 855 0228 01       		.uleb128 0x1
 856 0229 51       		.byte	0x51
 857 022a 00       		.byte	0
 858 022b 00       		.byte	0
 859 022c 0C       		.uleb128 0xc
 860 022d 40000000 		.4byte	.LASF32
 861 0231 01       		.byte	0x1
 862 0232 E3       		.byte	0xe3
 863 0233 00000000 		.4byte	.LFB5
 864 0237 CC000000 		.4byte	.LFE5-.LFB5
 865 023b 01       		.uleb128 0x1
 866 023c 9C       		.byte	0x9c
 867 023d 84020000 		.4byte	0x284
 868 0241 0F       		.uleb128 0xf
 869 0242 2C000000 		.4byte	.LASF33
 870 0246 01       		.byte	0x1
 871 0247 E5       		.byte	0xe5
 872 0248 A5000000 		.4byte	0xa5
 873 024c CF000000 		.4byte	.LLST7
 874 0250 0F       		.uleb128 0xf
 875 0251 5E000000 		.4byte	.LASF34
 876 0255 01       		.byte	0x1
 877 0256 E6       		.byte	0xe6
 878 0257 8D000000 		.4byte	0x8d
 879 025b EE000000 		.4byte	.LLST8
 880 025f 17       		.uleb128 0x17
 881 0260 70000000 		.4byte	.LVL21
 882 0264 FE040000 		.4byte	0x4fe
 883 0268 74020000 		.4byte	0x274
 884 026c 16       		.uleb128 0x16
 885 026d 01       		.uleb128 0x1
 886 026e 50       		.byte	0x50
 887 026f 03       		.uleb128 0x3
 888 0270 0A       		.byte	0xa
 889 0271 E001     		.2byte	0x1e0
 890 0273 00       		.byte	0
 891 0274 15       		.uleb128 0x15
 892 0275 80000000 		.4byte	.LVL23
 893 0279 0D010000 		.4byte	0x10d
 894 027d 16       		.uleb128 0x16
 895 027e 01       		.uleb128 0x1
 896 027f 50       		.byte	0x50
 897 0280 01       		.uleb128 0x1
 898 0281 33       		.byte	0x33
 899 0282 00       		.byte	0
 900 0283 00       		.byte	0
 901 0284 0C       		.uleb128 0xc
ARM GAS  C:\Users\ALESSA~1\AppData\Local\Temp\ccxgxNq9.s 			page 25


 902 0285 F2020000 		.4byte	.LASF35
 903 0289 01       		.byte	0x1
 904 028a 54       		.byte	0x54
 905 028b 00000000 		.4byte	.LFB1
 906 028f 08000000 		.4byte	.LFE1-.LFB1
 907 0293 01       		.uleb128 0x1
 908 0294 9C       		.byte	0x9c
 909 0295 E4020000 		.4byte	0x2e4
 910 0299 18       		.uleb128 0x18
 911 029a 80000000 		.4byte	.LASF36
 912 029e 01       		.byte	0x1
 913 029f 54       		.byte	0x54
 914 02a0 84000000 		.4byte	0x84
 915 02a4 18010000 		.4byte	.LLST9
 916 02a8 14       		.uleb128 0x14
 917 02a9 73726300 		.ascii	"src\000"
 918 02ad 01       		.byte	0x1
 919 02ae 54       		.byte	0x54
 920 02af E4020000 		.4byte	0x2e4
 921 02b3 39010000 		.4byte	.LLST10
 922 02b7 14       		.uleb128 0x14
 923 02b8 6E00     		.ascii	"n\000"
 924 02ba 01       		.byte	0x1
 925 02bb 54       		.byte	0x54
 926 02bc 2C000000 		.4byte	0x2c
 927 02c0 5A010000 		.4byte	.LLST11
 928 02c4 15       		.uleb128 0x15
 929 02c5 06000000 		.4byte	.LVL26
 930 02c9 09050000 		.4byte	0x509
 931 02cd 16       		.uleb128 0x16
 932 02ce 01       		.uleb128 0x1
 933 02cf 50       		.byte	0x50
 934 02d0 03       		.uleb128 0x3
 935 02d1 F3       		.byte	0xf3
 936 02d2 01       		.uleb128 0x1
 937 02d3 50       		.byte	0x50
 938 02d4 16       		.uleb128 0x16
 939 02d5 01       		.uleb128 0x1
 940 02d6 51       		.byte	0x51
 941 02d7 03       		.uleb128 0x3
 942 02d8 F3       		.byte	0xf3
 943 02d9 01       		.uleb128 0x1
 944 02da 51       		.byte	0x51
 945 02db 16       		.uleb128 0x16
 946 02dc 01       		.uleb128 0x1
 947 02dd 52       		.byte	0x52
 948 02de 03       		.uleb128 0x3
 949 02df F3       		.byte	0xf3
 950 02e0 01       		.uleb128 0x1
 951 02e1 52       		.byte	0x52
 952 02e2 00       		.byte	0
 953 02e3 00       		.byte	0
 954 02e4 10       		.uleb128 0x10
 955 02e5 04       		.byte	0x4
 956 02e6 EA020000 		.4byte	0x2ea
 957 02ea 19       		.uleb128 0x19
 958 02eb 1A       		.uleb128 0x1a
ARM GAS  C:\Users\ALESSA~1\AppData\Local\Temp\ccxgxNq9.s 			page 26


 959 02ec 4F010000 		.4byte	.LASF39
 960 02f0 01       		.byte	0x1
 961 02f1 4501     		.2byte	0x145
 962 02f3 00000000 		.4byte	.LFB7
 963 02f7 10000000 		.4byte	.LFE7-.LFB7
 964 02fb 01       		.uleb128 0x1
 965 02fc 9C       		.byte	0x9c
 966 02fd 1E030000 		.4byte	0x31e
 967 0301 1B       		.uleb128 0x1b
 968 0302 A9020000 		.4byte	.LASF37
 969 0306 01       		.byte	0x1
 970 0307 4501     		.2byte	0x145
 971 0309 8D000000 		.4byte	0x8d
 972 030d 01       		.uleb128 0x1
 973 030e 50       		.byte	0x50
 974 030f 1C       		.uleb128 0x1c
 975 0310 E9020000 		.4byte	.LASF38
 976 0314 01       		.byte	0x1
 977 0315 4701     		.2byte	0x147
 978 0317 8D000000 		.4byte	0x8d
 979 031b 01       		.uleb128 0x1
 980 031c 53       		.byte	0x53
 981 031d 00       		.byte	0
 982 031e 1A       		.uleb128 0x1a
 983 031f D8010000 		.4byte	.LASF40
 984 0323 01       		.byte	0x1
 985 0324 6701     		.2byte	0x167
 986 0326 00000000 		.4byte	.LFB8
 987 032a 14010000 		.4byte	.LFE8-.LFB8
 988 032e 01       		.uleb128 0x1
 989 032f 9C       		.byte	0x9c
 990 0330 F5040000 		.4byte	0x4f5
 991 0334 1D       		.uleb128 0x1d
 992 0335 0E000000 		.4byte	.LBB3
 993 0339 58000000 		.4byte	.LBE3-.LBB3
 994 033d 0B040000 		.4byte	0x40b
 995 0341 1E       		.uleb128 0x1e
 996 0342 06       		.byte	0x6
 997 0343 01       		.byte	0x1
 998 0344 7301     		.2byte	0x173
 999 0346 65030000 		.4byte	0x365
 1000 034a 1F       		.uleb128 0x1f
 1001 034b E5010000 		.4byte	.LASF41
 1002 034f 01       		.byte	0x1
 1003 0350 7401     		.2byte	0x174
 1004 0352 84000000 		.4byte	0x84
 1005 0356 00       		.byte	0
 1006 0357 1F       		.uleb128 0x1f
 1007 0358 95000000 		.4byte	.LASF42
 1008 035c 01       		.byte	0x1
 1009 035d 7501     		.2byte	0x175
 1010 035f 99000000 		.4byte	0x99
 1011 0363 04       		.byte	0x4
 1012 0364 00       		.byte	0
 1013 0365 06       		.uleb128 0x6
 1014 0366 04020000 		.4byte	.LASF43
 1015 036a 01       		.byte	0x1
ARM GAS  C:\Users\ALESSA~1\AppData\Local\Temp\ccxgxNq9.s 			page 27


 1016 036b 7601     		.2byte	0x176
 1017 036d 41030000 		.4byte	0x341
 1018 0371 20       		.uleb128 0x20
 1019 0372 81030000 		.4byte	0x381
 1020 0376 81030000 		.4byte	0x381
 1021 037a 21       		.uleb128 0x21
 1022 037b 7D000000 		.4byte	0x7d
 1023 037f 07       		.byte	0x7
 1024 0380 00       		.byte	0
 1025 0381 11       		.uleb128 0x11
 1026 0382 65030000 		.4byte	0x365
 1027 0386 1C       		.uleb128 0x1c
 1028 0387 85000000 		.4byte	.LASF44
 1029 038b 01       		.byte	0x1
 1030 038c 7801     		.2byte	0x178
 1031 038e 98030000 		.4byte	0x398
 1032 0392 05       		.uleb128 0x5
 1033 0393 03       		.byte	0x3
 1034 0394 00000000 		.4byte	cfg_memset_list.5013
 1035 0398 11       		.uleb128 0x11
 1036 0399 71030000 		.4byte	0x371
 1037 039d 22       		.uleb128 0x22
 1038 039e 6900     		.ascii	"i\000"
 1039 03a0 01       		.byte	0x1
 1040 03a1 8401     		.2byte	0x184
 1041 03a3 8D000000 		.4byte	0x8d
 1042 03a7 7B010000 		.4byte	.LLST12
 1043 03ab 1D       		.uleb128 0x1d
 1044 03ac 12000000 		.4byte	.LBB4
 1045 03b0 16000000 		.4byte	.LBE4-.LBB4
 1046 03b4 F0030000 		.4byte	0x3f0
 1047 03b8 22       		.uleb128 0x22
 1048 03b9 6D7300   		.ascii	"ms\000"
 1049 03bc 01       		.byte	0x1
 1050 03bd 8901     		.2byte	0x189
 1051 03bf C7030000 		.4byte	0x3c7
 1052 03c3 A5010000 		.4byte	.LLST13
 1053 03c7 10       		.uleb128 0x10
 1054 03c8 04       		.byte	0x4
 1055 03c9 81030000 		.4byte	0x381
 1056 03cd 15       		.uleb128 0x15
 1057 03ce 28000000 		.4byte	.LVL31
 1058 03d2 DF010000 		.4byte	0x1df
 1059 03d6 16       		.uleb128 0x16
 1060 03d7 01       		.uleb128 0x1
 1061 03d8 51       		.byte	0x51
 1062 03d9 14       		.uleb128 0x14
 1063 03da 74       		.byte	0x74
 1064 03db 00       		.sleb128 0
 1065 03dc 31       		.byte	0x31
 1066 03dd 24       		.byte	0x24
 1067 03de 74       		.byte	0x74
 1068 03df 00       		.sleb128 0
 1069 03e0 22       		.byte	0x22
 1070 03e1 31       		.byte	0x31
 1071 03e2 24       		.byte	0x24
 1072 03e3 75       		.byte	0x75
ARM GAS  C:\Users\ALESSA~1\AppData\Local\Temp\ccxgxNq9.s 			page 28


 1073 03e4 00       		.sleb128 0
 1074 03e5 22       		.byte	0x22
 1075 03e6 23       		.byte	0x23
 1076 03e7 04       		.uleb128 0x4
 1077 03e8 94       		.byte	0x94
 1078 03e9 02       		.byte	0x2
 1079 03ea 0A       		.byte	0xa
 1080 03eb FFFF     		.2byte	0xffff
 1081 03ed 1A       		.byte	0x1a
 1082 03ee 00       		.byte	0
 1083 03ef 00       		.byte	0
 1084 03f0 15       		.uleb128 0x15
 1085 03f1 3A000000 		.4byte	.LVL34
 1086 03f5 30010000 		.4byte	0x130
 1087 03f9 16       		.uleb128 0x16
 1088 03fa 01       		.uleb128 0x1
 1089 03fb 50       		.byte	0x50
 1090 03fc 03       		.uleb128 0x3
 1091 03fd 42       		.byte	0x42
 1092 03fe 4A       		.byte	0x4a
 1093 03ff 24       		.byte	0x24
 1094 0400 16       		.uleb128 0x16
 1095 0401 01       		.uleb128 0x1
 1096 0402 51       		.byte	0x51
 1097 0403 05       		.uleb128 0x5
 1098 0404 0C       		.byte	0xc
 1099 0405 7C000048 		.4byte	0x4800007c
 1100 0409 00       		.byte	0
 1101 040a 00       		.byte	0
 1102 040b 17       		.uleb128 0x17
 1103 040c 70000000 		.4byte	.LVL36
 1104 0410 84020000 		.4byte	0x284
 1105 0414 30040000 		.4byte	0x430
 1106 0418 16       		.uleb128 0x16
 1107 0419 01       		.uleb128 0x1
 1108 041a 50       		.byte	0x50
 1109 041b 05       		.uleb128 0x5
 1110 041c 0C       		.byte	0xc
 1111 041d 02510040 		.4byte	0x40005102
 1112 0421 16       		.uleb128 0x16
 1113 0422 01       		.uleb128 0x1
 1114 0423 51       		.byte	0x51
 1115 0424 05       		.uleb128 0x5
 1116 0425 0C       		.byte	0xc
 1117 0426 5C050048 		.4byte	0x4800055c
 1118 042a 16       		.uleb128 0x16
 1119 042b 01       		.uleb128 0x1
 1120 042c 52       		.byte	0x52
 1121 042d 01       		.uleb128 0x1
 1122 042e 38       		.byte	0x38
 1123 042f 00       		.byte	0
 1124 0430 17       		.uleb128 0x17
 1125 0431 7A000000 		.4byte	.LVL37
 1126 0435 84020000 		.4byte	0x284
 1127 0439 55040000 		.4byte	0x455
 1128 043d 16       		.uleb128 0x16
 1129 043e 01       		.uleb128 0x1
ARM GAS  C:\Users\ALESSA~1\AppData\Local\Temp\ccxgxNq9.s 			page 29


 1130 043f 50       		.byte	0x50
 1131 0440 05       		.uleb128 0x5
 1132 0441 0C       		.byte	0xc
 1133 0442 C0510040 		.4byte	0x400051c0
 1134 0446 16       		.uleb128 0x16
 1135 0447 01       		.uleb128 0x1
 1136 0448 51       		.byte	0x51
 1137 0449 05       		.uleb128 0x5
 1138 044a 0C       		.byte	0xc
 1139 044b 64050048 		.4byte	0x48000564
 1140 044f 16       		.uleb128 0x16
 1141 0450 01       		.uleb128 0x1
 1142 0451 52       		.byte	0x52
 1143 0452 01       		.uleb128 0x1
 1144 0453 3A       		.byte	0x3a
 1145 0454 00       		.byte	0
 1146 0455 17       		.uleb128 0x17
 1147 0456 84000000 		.4byte	.LVL38
 1148 045a 84020000 		.4byte	0x284
 1149 045e 7A040000 		.4byte	0x47a
 1150 0462 16       		.uleb128 0x16
 1151 0463 01       		.uleb128 0x1
 1152 0464 50       		.byte	0x50
 1153 0465 05       		.uleb128 0x5
 1154 0466 0C       		.byte	0xc
 1155 0467 12510040 		.4byte	0x40005112
 1156 046b 16       		.uleb128 0x16
 1157 046c 01       		.uleb128 0x1
 1158 046d 51       		.byte	0x51
 1159 046e 05       		.uleb128 0x5
 1160 046f 0C       		.byte	0xc
 1161 0470 70050048 		.4byte	0x48000570
 1162 0474 16       		.uleb128 0x16
 1163 0475 01       		.uleb128 0x1
 1164 0476 52       		.byte	0x52
 1165 0477 01       		.uleb128 0x1
 1166 0478 38       		.byte	0x38
 1167 0479 00       		.byte	0
 1168 047a 17       		.uleb128 0x17
 1169 047b 8E000000 		.4byte	.LVL39
 1170 047f 84020000 		.4byte	0x284
 1171 0483 9F040000 		.4byte	0x49f
 1172 0487 16       		.uleb128 0x16
 1173 0488 01       		.uleb128 0x1
 1174 0489 50       		.byte	0x50
 1175 048a 05       		.uleb128 0x5
 1176 048b 0C       		.byte	0xc
 1177 048c 22510040 		.4byte	0x40005122
 1178 0490 16       		.uleb128 0x16
 1179 0491 01       		.uleb128 0x1
 1180 0492 51       		.byte	0x51
 1181 0493 05       		.uleb128 0x5
 1182 0494 0C       		.byte	0xc
 1183 0495 78050048 		.4byte	0x48000578
 1184 0499 16       		.uleb128 0x16
 1185 049a 01       		.uleb128 0x1
 1186 049b 52       		.byte	0x52
ARM GAS  C:\Users\ALESSA~1\AppData\Local\Temp\ccxgxNq9.s 			page 30


 1187 049c 01       		.uleb128 0x1
 1188 049d 38       		.byte	0x38
 1189 049e 00       		.byte	0
 1190 049f 17       		.uleb128 0x17
 1191 04a0 98000000 		.4byte	.LVL40
 1192 04a4 84020000 		.4byte	0x284
 1193 04a8 C4040000 		.4byte	0x4c4
 1194 04ac 16       		.uleb128 0x16
 1195 04ad 01       		.uleb128 0x1
 1196 04ae 50       		.byte	0x50
 1197 04af 05       		.uleb128 0x5
 1198 04b0 0C       		.byte	0xc
 1199 04b1 32510040 		.4byte	0x40005132
 1200 04b5 16       		.uleb128 0x16
 1201 04b6 01       		.uleb128 0x1
 1202 04b7 51       		.byte	0x51
 1203 04b8 05       		.uleb128 0x5
 1204 04b9 0C       		.byte	0xc
 1205 04ba 80050048 		.4byte	0x48000580
 1206 04be 16       		.uleb128 0x16
 1207 04bf 01       		.uleb128 0x1
 1208 04c0 52       		.byte	0x52
 1209 04c1 01       		.uleb128 0x1
 1210 04c2 38       		.byte	0x38
 1211 04c3 00       		.byte	0
 1212 04c4 23       		.uleb128 0x23
 1213 04c5 AC000000 		.4byte	.LVL41
 1214 04c9 2C020000 		.4byte	0x22c
 1215 04cd 23       		.uleb128 0x23
 1216 04ce BA000000 		.4byte	.LVL42
 1217 04d2 B8010000 		.4byte	0x1b8
 1218 04d6 15       		.uleb128 0x15
 1219 04d7 C4000000 		.4byte	.LVL43
 1220 04db 84020000 		.4byte	0x284
 1221 04df 16       		.uleb128 0x16
 1222 04e0 01       		.uleb128 0x1
 1223 04e1 50       		.byte	0x50
 1224 04e2 05       		.uleb128 0x5
 1225 04e3 0C       		.byte	0xc
 1226 04e4 B0430040 		.4byte	0x400043b0
 1227 04e8 16       		.uleb128 0x16
 1228 04e9 01       		.uleb128 0x1
 1229 04ea 51       		.byte	0x51
 1230 04eb 02       		.uleb128 0x2
 1231 04ec 74       		.byte	0x74
 1232 04ed 00       		.sleb128 0
 1233 04ee 16       		.uleb128 0x16
 1234 04ef 01       		.uleb128 0x1
 1235 04f0 52       		.byte	0x52
 1236 04f1 01       		.uleb128 0x1
 1237 04f2 3E       		.byte	0x3e
 1238 04f3 00       		.byte	0
 1239 04f4 00       		.byte	0
 1240 04f5 24       		.uleb128 0x24
 1241 04f6 73010000 		.4byte	.LASF45
 1242 04fa 73010000 		.4byte	.LASF45
 1243 04fe 25       		.uleb128 0x25
ARM GAS  C:\Users\ALESSA~1\AppData\Local\Temp\ccxgxNq9.s 			page 31


 1244 04ff 06000000 		.4byte	.LASF51
 1245 0503 06000000 		.4byte	.LASF51
 1246 0507 04       		.byte	0x4
 1247 0508 79       		.byte	0x79
 1248 0509 24       		.uleb128 0x24
 1249 050a 57020000 		.4byte	.LASF46
 1250 050e 57020000 		.4byte	.LASF46
 1251 0512 00       		.byte	0
 1252              		.section	.debug_abbrev,"",%progbits
 1253              	.Ldebug_abbrev0:
 1254 0000 01       		.uleb128 0x1
 1255 0001 11       		.uleb128 0x11
 1256 0002 01       		.byte	0x1
 1257 0003 25       		.uleb128 0x25
 1258 0004 0E       		.uleb128 0xe
 1259 0005 13       		.uleb128 0x13
 1260 0006 0B       		.uleb128 0xb
 1261 0007 03       		.uleb128 0x3
 1262 0008 0E       		.uleb128 0xe
 1263 0009 1B       		.uleb128 0x1b
 1264 000a 0E       		.uleb128 0xe
 1265 000b 55       		.uleb128 0x55
 1266 000c 17       		.uleb128 0x17
 1267 000d 11       		.uleb128 0x11
 1268 000e 01       		.uleb128 0x1
 1269 000f 10       		.uleb128 0x10
 1270 0010 17       		.uleb128 0x17
 1271 0011 00       		.byte	0
 1272 0012 00       		.byte	0
 1273 0013 02       		.uleb128 0x2
 1274 0014 24       		.uleb128 0x24
 1275 0015 00       		.byte	0
 1276 0016 0B       		.uleb128 0xb
 1277 0017 0B       		.uleb128 0xb
 1278 0018 3E       		.uleb128 0x3e
 1279 0019 0B       		.uleb128 0xb
 1280 001a 03       		.uleb128 0x3
 1281 001b 08       		.uleb128 0x8
 1282 001c 00       		.byte	0
 1283 001d 00       		.byte	0
 1284 001e 03       		.uleb128 0x3
 1285 001f 16       		.uleb128 0x16
 1286 0020 00       		.byte	0
 1287 0021 03       		.uleb128 0x3
 1288 0022 0E       		.uleb128 0xe
 1289 0023 3A       		.uleb128 0x3a
 1290 0024 0B       		.uleb128 0xb
 1291 0025 3B       		.uleb128 0x3b
 1292 0026 0B       		.uleb128 0xb
 1293 0027 49       		.uleb128 0x49
 1294 0028 13       		.uleb128 0x13
 1295 0029 00       		.byte	0
 1296 002a 00       		.byte	0
 1297 002b 04       		.uleb128 0x4
 1298 002c 24       		.uleb128 0x24
 1299 002d 00       		.byte	0
 1300 002e 0B       		.uleb128 0xb
ARM GAS  C:\Users\ALESSA~1\AppData\Local\Temp\ccxgxNq9.s 			page 32


 1301 002f 0B       		.uleb128 0xb
 1302 0030 3E       		.uleb128 0x3e
 1303 0031 0B       		.uleb128 0xb
 1304 0032 03       		.uleb128 0x3
 1305 0033 0E       		.uleb128 0xe
 1306 0034 00       		.byte	0
 1307 0035 00       		.byte	0
 1308 0036 05       		.uleb128 0x5
 1309 0037 0F       		.uleb128 0xf
 1310 0038 00       		.byte	0
 1311 0039 0B       		.uleb128 0xb
 1312 003a 0B       		.uleb128 0xb
 1313 003b 00       		.byte	0
 1314 003c 00       		.byte	0
 1315 003d 06       		.uleb128 0x6
 1316 003e 16       		.uleb128 0x16
 1317 003f 00       		.byte	0
 1318 0040 03       		.uleb128 0x3
 1319 0041 0E       		.uleb128 0xe
 1320 0042 3A       		.uleb128 0x3a
 1321 0043 0B       		.uleb128 0xb
 1322 0044 3B       		.uleb128 0x3b
 1323 0045 05       		.uleb128 0x5
 1324 0046 49       		.uleb128 0x49
 1325 0047 13       		.uleb128 0x13
 1326 0048 00       		.byte	0
 1327 0049 00       		.byte	0
 1328 004a 07       		.uleb128 0x7
 1329 004b 35       		.uleb128 0x35
 1330 004c 00       		.byte	0
 1331 004d 49       		.uleb128 0x49
 1332 004e 13       		.uleb128 0x13
 1333 004f 00       		.byte	0
 1334 0050 00       		.byte	0
 1335 0051 08       		.uleb128 0x8
 1336 0052 13       		.uleb128 0x13
 1337 0053 01       		.byte	0x1
 1338 0054 0B       		.uleb128 0xb
 1339 0055 0B       		.uleb128 0xb
 1340 0056 3A       		.uleb128 0x3a
 1341 0057 0B       		.uleb128 0xb
 1342 0058 3B       		.uleb128 0x3b
 1343 0059 0B       		.uleb128 0xb
 1344 005a 01       		.uleb128 0x1
 1345 005b 13       		.uleb128 0x13
 1346 005c 00       		.byte	0
 1347 005d 00       		.byte	0
 1348 005e 09       		.uleb128 0x9
 1349 005f 0D       		.uleb128 0xd
 1350 0060 00       		.byte	0
 1351 0061 03       		.uleb128 0x3
 1352 0062 0E       		.uleb128 0xe
 1353 0063 3A       		.uleb128 0x3a
 1354 0064 0B       		.uleb128 0xb
 1355 0065 3B       		.uleb128 0x3b
 1356 0066 0B       		.uleb128 0xb
 1357 0067 49       		.uleb128 0x49
ARM GAS  C:\Users\ALESSA~1\AppData\Local\Temp\ccxgxNq9.s 			page 33


 1358 0068 13       		.uleb128 0x13
 1359 0069 38       		.uleb128 0x38
 1360 006a 0B       		.uleb128 0xb
 1361 006b 00       		.byte	0
 1362 006c 00       		.byte	0
 1363 006d 0A       		.uleb128 0xa
 1364 006e 2E       		.uleb128 0x2e
 1365 006f 01       		.byte	0x1
 1366 0070 03       		.uleb128 0x3
 1367 0071 0E       		.uleb128 0xe
 1368 0072 3A       		.uleb128 0x3a
 1369 0073 0B       		.uleb128 0xb
 1370 0074 3B       		.uleb128 0x3b
 1371 0075 0B       		.uleb128 0xb
 1372 0076 27       		.uleb128 0x27
 1373 0077 19       		.uleb128 0x19
 1374 0078 8701     		.uleb128 0x87
 1375 007a 19       		.uleb128 0x19
 1376 007b 11       		.uleb128 0x11
 1377 007c 01       		.uleb128 0x1
 1378 007d 12       		.uleb128 0x12
 1379 007e 06       		.uleb128 0x6
 1380 007f 40       		.uleb128 0x40
 1381 0080 18       		.uleb128 0x18
 1382 0081 9742     		.uleb128 0x2117
 1383 0083 19       		.uleb128 0x19
 1384 0084 01       		.uleb128 0x1
 1385 0085 13       		.uleb128 0x13
 1386 0086 00       		.byte	0
 1387 0087 00       		.byte	0
 1388 0088 0B       		.uleb128 0xb
 1389 0089 05       		.uleb128 0x5
 1390 008a 00       		.byte	0
 1391 008b 03       		.uleb128 0x3
 1392 008c 0E       		.uleb128 0xe
 1393 008d 3A       		.uleb128 0x3a
 1394 008e 0B       		.uleb128 0xb
 1395 008f 3B       		.uleb128 0x3b
 1396 0090 0B       		.uleb128 0xb
 1397 0091 49       		.uleb128 0x49
 1398 0092 13       		.uleb128 0x13
 1399 0093 02       		.uleb128 0x2
 1400 0094 18       		.uleb128 0x18
 1401 0095 00       		.byte	0
 1402 0096 00       		.byte	0
 1403 0097 0C       		.uleb128 0xc
 1404 0098 2E       		.uleb128 0x2e
 1405 0099 01       		.byte	0x1
 1406 009a 03       		.uleb128 0x3
 1407 009b 0E       		.uleb128 0xe
 1408 009c 3A       		.uleb128 0x3a
 1409 009d 0B       		.uleb128 0xb
 1410 009e 3B       		.uleb128 0x3b
 1411 009f 0B       		.uleb128 0xb
 1412 00a0 27       		.uleb128 0x27
 1413 00a1 19       		.uleb128 0x19
 1414 00a2 11       		.uleb128 0x11
ARM GAS  C:\Users\ALESSA~1\AppData\Local\Temp\ccxgxNq9.s 			page 34


 1415 00a3 01       		.uleb128 0x1
 1416 00a4 12       		.uleb128 0x12
 1417 00a5 06       		.uleb128 0x6
 1418 00a6 40       		.uleb128 0x40
 1419 00a7 18       		.uleb128 0x18
 1420 00a8 9742     		.uleb128 0x2117
 1421 00aa 19       		.uleb128 0x19
 1422 00ab 01       		.uleb128 0x1
 1423 00ac 13       		.uleb128 0x13
 1424 00ad 00       		.byte	0
 1425 00ae 00       		.byte	0
 1426 00af 0D       		.uleb128 0xd
 1427 00b0 34       		.uleb128 0x34
 1428 00b1 00       		.byte	0
 1429 00b2 03       		.uleb128 0x3
 1430 00b3 08       		.uleb128 0x8
 1431 00b4 3A       		.uleb128 0x3a
 1432 00b5 0B       		.uleb128 0xb
 1433 00b6 3B       		.uleb128 0x3b
 1434 00b7 0B       		.uleb128 0xb
 1435 00b8 49       		.uleb128 0x49
 1436 00b9 13       		.uleb128 0x13
 1437 00ba 02       		.uleb128 0x2
 1438 00bb 17       		.uleb128 0x17
 1439 00bc 00       		.byte	0
 1440 00bd 00       		.byte	0
 1441 00be 0E       		.uleb128 0xe
 1442 00bf 0B       		.uleb128 0xb
 1443 00c0 01       		.byte	0x1
 1444 00c1 11       		.uleb128 0x11
 1445 00c2 01       		.uleb128 0x1
 1446 00c3 12       		.uleb128 0x12
 1447 00c4 06       		.uleb128 0x6
 1448 00c5 00       		.byte	0
 1449 00c6 00       		.byte	0
 1450 00c7 0F       		.uleb128 0xf
 1451 00c8 34       		.uleb128 0x34
 1452 00c9 00       		.byte	0
 1453 00ca 03       		.uleb128 0x3
 1454 00cb 0E       		.uleb128 0xe
 1455 00cc 3A       		.uleb128 0x3a
 1456 00cd 0B       		.uleb128 0xb
 1457 00ce 3B       		.uleb128 0x3b
 1458 00cf 0B       		.uleb128 0xb
 1459 00d0 49       		.uleb128 0x49
 1460 00d1 13       		.uleb128 0x13
 1461 00d2 02       		.uleb128 0x2
 1462 00d3 17       		.uleb128 0x17
 1463 00d4 00       		.byte	0
 1464 00d5 00       		.byte	0
 1465 00d6 10       		.uleb128 0x10
 1466 00d7 0F       		.uleb128 0xf
 1467 00d8 00       		.byte	0
 1468 00d9 0B       		.uleb128 0xb
 1469 00da 0B       		.uleb128 0xb
 1470 00db 49       		.uleb128 0x49
 1471 00dc 13       		.uleb128 0x13
ARM GAS  C:\Users\ALESSA~1\AppData\Local\Temp\ccxgxNq9.s 			page 35


 1472 00dd 00       		.byte	0
 1473 00de 00       		.byte	0
 1474 00df 11       		.uleb128 0x11
 1475 00e0 26       		.uleb128 0x26
 1476 00e1 00       		.byte	0
 1477 00e2 49       		.uleb128 0x49
 1478 00e3 13       		.uleb128 0x13
 1479 00e4 00       		.byte	0
 1480 00e5 00       		.byte	0
 1481 00e6 12       		.uleb128 0x12
 1482 00e7 2E       		.uleb128 0x2e
 1483 00e8 01       		.byte	0x1
 1484 00e9 03       		.uleb128 0x3
 1485 00ea 0E       		.uleb128 0xe
 1486 00eb 3A       		.uleb128 0x3a
 1487 00ec 0B       		.uleb128 0xb
 1488 00ed 3B       		.uleb128 0x3b
 1489 00ee 05       		.uleb128 0x5
 1490 00ef 27       		.uleb128 0x27
 1491 00f0 19       		.uleb128 0x19
 1492 00f1 11       		.uleb128 0x11
 1493 00f2 01       		.uleb128 0x1
 1494 00f3 12       		.uleb128 0x12
 1495 00f4 06       		.uleb128 0x6
 1496 00f5 40       		.uleb128 0x40
 1497 00f6 18       		.uleb128 0x18
 1498 00f7 9742     		.uleb128 0x2117
 1499 00f9 19       		.uleb128 0x19
 1500 00fa 01       		.uleb128 0x1
 1501 00fb 13       		.uleb128 0x13
 1502 00fc 00       		.byte	0
 1503 00fd 00       		.byte	0
 1504 00fe 13       		.uleb128 0x13
 1505 00ff 34       		.uleb128 0x34
 1506 0100 00       		.byte	0
 1507 0101 03       		.uleb128 0x3
 1508 0102 0E       		.uleb128 0xe
 1509 0103 3A       		.uleb128 0x3a
 1510 0104 0B       		.uleb128 0xb
 1511 0105 3B       		.uleb128 0x3b
 1512 0106 05       		.uleb128 0x5
 1513 0107 49       		.uleb128 0x49
 1514 0108 13       		.uleb128 0x13
 1515 0109 02       		.uleb128 0x2
 1516 010a 17       		.uleb128 0x17
 1517 010b 00       		.byte	0
 1518 010c 00       		.byte	0
 1519 010d 14       		.uleb128 0x14
 1520 010e 05       		.uleb128 0x5
 1521 010f 00       		.byte	0
 1522 0110 03       		.uleb128 0x3
 1523 0111 08       		.uleb128 0x8
 1524 0112 3A       		.uleb128 0x3a
 1525 0113 0B       		.uleb128 0xb
 1526 0114 3B       		.uleb128 0x3b
 1527 0115 0B       		.uleb128 0xb
 1528 0116 49       		.uleb128 0x49
ARM GAS  C:\Users\ALESSA~1\AppData\Local\Temp\ccxgxNq9.s 			page 36


 1529 0117 13       		.uleb128 0x13
 1530 0118 02       		.uleb128 0x2
 1531 0119 17       		.uleb128 0x17
 1532 011a 00       		.byte	0
 1533 011b 00       		.byte	0
 1534 011c 15       		.uleb128 0x15
 1535 011d 898201   		.uleb128 0x4109
 1536 0120 01       		.byte	0x1
 1537 0121 11       		.uleb128 0x11
 1538 0122 01       		.uleb128 0x1
 1539 0123 31       		.uleb128 0x31
 1540 0124 13       		.uleb128 0x13
 1541 0125 00       		.byte	0
 1542 0126 00       		.byte	0
 1543 0127 16       		.uleb128 0x16
 1544 0128 8A8201   		.uleb128 0x410a
 1545 012b 00       		.byte	0
 1546 012c 02       		.uleb128 0x2
 1547 012d 18       		.uleb128 0x18
 1548 012e 9142     		.uleb128 0x2111
 1549 0130 18       		.uleb128 0x18
 1550 0131 00       		.byte	0
 1551 0132 00       		.byte	0
 1552 0133 17       		.uleb128 0x17
 1553 0134 898201   		.uleb128 0x4109
 1554 0137 01       		.byte	0x1
 1555 0138 11       		.uleb128 0x11
 1556 0139 01       		.uleb128 0x1
 1557 013a 31       		.uleb128 0x31
 1558 013b 13       		.uleb128 0x13
 1559 013c 01       		.uleb128 0x1
 1560 013d 13       		.uleb128 0x13
 1561 013e 00       		.byte	0
 1562 013f 00       		.byte	0
 1563 0140 18       		.uleb128 0x18
 1564 0141 05       		.uleb128 0x5
 1565 0142 00       		.byte	0
 1566 0143 03       		.uleb128 0x3
 1567 0144 0E       		.uleb128 0xe
 1568 0145 3A       		.uleb128 0x3a
 1569 0146 0B       		.uleb128 0xb
 1570 0147 3B       		.uleb128 0x3b
 1571 0148 0B       		.uleb128 0xb
 1572 0149 49       		.uleb128 0x49
 1573 014a 13       		.uleb128 0x13
 1574 014b 02       		.uleb128 0x2
 1575 014c 17       		.uleb128 0x17
 1576 014d 00       		.byte	0
 1577 014e 00       		.byte	0
 1578 014f 19       		.uleb128 0x19
 1579 0150 26       		.uleb128 0x26
 1580 0151 00       		.byte	0
 1581 0152 00       		.byte	0
 1582 0153 00       		.byte	0
 1583 0154 1A       		.uleb128 0x1a
 1584 0155 2E       		.uleb128 0x2e
 1585 0156 01       		.byte	0x1
ARM GAS  C:\Users\ALESSA~1\AppData\Local\Temp\ccxgxNq9.s 			page 37


 1586 0157 3F       		.uleb128 0x3f
 1587 0158 19       		.uleb128 0x19
 1588 0159 03       		.uleb128 0x3
 1589 015a 0E       		.uleb128 0xe
 1590 015b 3A       		.uleb128 0x3a
 1591 015c 0B       		.uleb128 0xb
 1592 015d 3B       		.uleb128 0x3b
 1593 015e 05       		.uleb128 0x5
 1594 015f 27       		.uleb128 0x27
 1595 0160 19       		.uleb128 0x19
 1596 0161 11       		.uleb128 0x11
 1597 0162 01       		.uleb128 0x1
 1598 0163 12       		.uleb128 0x12
 1599 0164 06       		.uleb128 0x6
 1600 0165 40       		.uleb128 0x40
 1601 0166 18       		.uleb128 0x18
 1602 0167 9742     		.uleb128 0x2117
 1603 0169 19       		.uleb128 0x19
 1604 016a 01       		.uleb128 0x1
 1605 016b 13       		.uleb128 0x13
 1606 016c 00       		.byte	0
 1607 016d 00       		.byte	0
 1608 016e 1B       		.uleb128 0x1b
 1609 016f 05       		.uleb128 0x5
 1610 0170 00       		.byte	0
 1611 0171 03       		.uleb128 0x3
 1612 0172 0E       		.uleb128 0xe
 1613 0173 3A       		.uleb128 0x3a
 1614 0174 0B       		.uleb128 0xb
 1615 0175 3B       		.uleb128 0x3b
 1616 0176 05       		.uleb128 0x5
 1617 0177 49       		.uleb128 0x49
 1618 0178 13       		.uleb128 0x13
 1619 0179 02       		.uleb128 0x2
 1620 017a 18       		.uleb128 0x18
 1621 017b 00       		.byte	0
 1622 017c 00       		.byte	0
 1623 017d 1C       		.uleb128 0x1c
 1624 017e 34       		.uleb128 0x34
 1625 017f 00       		.byte	0
 1626 0180 03       		.uleb128 0x3
 1627 0181 0E       		.uleb128 0xe
 1628 0182 3A       		.uleb128 0x3a
 1629 0183 0B       		.uleb128 0xb
 1630 0184 3B       		.uleb128 0x3b
 1631 0185 05       		.uleb128 0x5
 1632 0186 49       		.uleb128 0x49
 1633 0187 13       		.uleb128 0x13
 1634 0188 02       		.uleb128 0x2
 1635 0189 18       		.uleb128 0x18
 1636 018a 00       		.byte	0
 1637 018b 00       		.byte	0
 1638 018c 1D       		.uleb128 0x1d
 1639 018d 0B       		.uleb128 0xb
 1640 018e 01       		.byte	0x1
 1641 018f 11       		.uleb128 0x11
 1642 0190 01       		.uleb128 0x1
ARM GAS  C:\Users\ALESSA~1\AppData\Local\Temp\ccxgxNq9.s 			page 38


 1643 0191 12       		.uleb128 0x12
 1644 0192 06       		.uleb128 0x6
 1645 0193 01       		.uleb128 0x1
 1646 0194 13       		.uleb128 0x13
 1647 0195 00       		.byte	0
 1648 0196 00       		.byte	0
 1649 0197 1E       		.uleb128 0x1e
 1650 0198 13       		.uleb128 0x13
 1651 0199 01       		.byte	0x1
 1652 019a 0B       		.uleb128 0xb
 1653 019b 0B       		.uleb128 0xb
 1654 019c 3A       		.uleb128 0x3a
 1655 019d 0B       		.uleb128 0xb
 1656 019e 3B       		.uleb128 0x3b
 1657 019f 05       		.uleb128 0x5
 1658 01a0 01       		.uleb128 0x1
 1659 01a1 13       		.uleb128 0x13
 1660 01a2 00       		.byte	0
 1661 01a3 00       		.byte	0
 1662 01a4 1F       		.uleb128 0x1f
 1663 01a5 0D       		.uleb128 0xd
 1664 01a6 00       		.byte	0
 1665 01a7 03       		.uleb128 0x3
 1666 01a8 0E       		.uleb128 0xe
 1667 01a9 3A       		.uleb128 0x3a
 1668 01aa 0B       		.uleb128 0xb
 1669 01ab 3B       		.uleb128 0x3b
 1670 01ac 05       		.uleb128 0x5
 1671 01ad 49       		.uleb128 0x49
 1672 01ae 13       		.uleb128 0x13
 1673 01af 38       		.uleb128 0x38
 1674 01b0 0B       		.uleb128 0xb
 1675 01b1 00       		.byte	0
 1676 01b2 00       		.byte	0
 1677 01b3 20       		.uleb128 0x20
 1678 01b4 01       		.uleb128 0x1
 1679 01b5 01       		.byte	0x1
 1680 01b6 49       		.uleb128 0x49
 1681 01b7 13       		.uleb128 0x13
 1682 01b8 01       		.uleb128 0x1
 1683 01b9 13       		.uleb128 0x13
 1684 01ba 00       		.byte	0
 1685 01bb 00       		.byte	0
 1686 01bc 21       		.uleb128 0x21
 1687 01bd 21       		.uleb128 0x21
 1688 01be 00       		.byte	0
 1689 01bf 49       		.uleb128 0x49
 1690 01c0 13       		.uleb128 0x13
 1691 01c1 2F       		.uleb128 0x2f
 1692 01c2 0B       		.uleb128 0xb
 1693 01c3 00       		.byte	0
 1694 01c4 00       		.byte	0
 1695 01c5 22       		.uleb128 0x22
 1696 01c6 34       		.uleb128 0x34
 1697 01c7 00       		.byte	0
 1698 01c8 03       		.uleb128 0x3
 1699 01c9 08       		.uleb128 0x8
ARM GAS  C:\Users\ALESSA~1\AppData\Local\Temp\ccxgxNq9.s 			page 39


 1700 01ca 3A       		.uleb128 0x3a
 1701 01cb 0B       		.uleb128 0xb
 1702 01cc 3B       		.uleb128 0x3b
 1703 01cd 05       		.uleb128 0x5
 1704 01ce 49       		.uleb128 0x49
 1705 01cf 13       		.uleb128 0x13
 1706 01d0 02       		.uleb128 0x2
 1707 01d1 17       		.uleb128 0x17
 1708 01d2 00       		.byte	0
 1709 01d3 00       		.byte	0
 1710 01d4 23       		.uleb128 0x23
 1711 01d5 898201   		.uleb128 0x4109
 1712 01d8 00       		.byte	0
 1713 01d9 11       		.uleb128 0x11
 1714 01da 01       		.uleb128 0x1
 1715 01db 31       		.uleb128 0x31
 1716 01dc 13       		.uleb128 0x13
 1717 01dd 00       		.byte	0
 1718 01de 00       		.byte	0
 1719 01df 24       		.uleb128 0x24
 1720 01e0 2E       		.uleb128 0x2e
 1721 01e1 00       		.byte	0
 1722 01e2 3F       		.uleb128 0x3f
 1723 01e3 19       		.uleb128 0x19
 1724 01e4 3C       		.uleb128 0x3c
 1725 01e5 19       		.uleb128 0x19
 1726 01e6 6E       		.uleb128 0x6e
 1727 01e7 0E       		.uleb128 0xe
 1728 01e8 03       		.uleb128 0x3
 1729 01e9 0E       		.uleb128 0xe
 1730 01ea 00       		.byte	0
 1731 01eb 00       		.byte	0
 1732 01ec 25       		.uleb128 0x25
 1733 01ed 2E       		.uleb128 0x2e
 1734 01ee 00       		.byte	0
 1735 01ef 3F       		.uleb128 0x3f
 1736 01f0 19       		.uleb128 0x19
 1737 01f1 3C       		.uleb128 0x3c
 1738 01f2 19       		.uleb128 0x19
 1739 01f3 6E       		.uleb128 0x6e
 1740 01f4 0E       		.uleb128 0xe
 1741 01f5 03       		.uleb128 0x3
 1742 01f6 0E       		.uleb128 0xe
 1743 01f7 3A       		.uleb128 0x3a
 1744 01f8 0B       		.uleb128 0xb
 1745 01f9 3B       		.uleb128 0x3b
 1746 01fa 0B       		.uleb128 0xb
 1747 01fb 00       		.byte	0
 1748 01fc 00       		.byte	0
 1749 01fd 00       		.byte	0
 1750              		.section	.debug_loc,"",%progbits
 1751              	.Ldebug_loc0:
 1752              	.LLST0:
 1753 0000 02000000 		.4byte	.LVL2
 1754 0004 08000000 		.4byte	.LVL3
 1755 0008 0200     		.2byte	0x2
 1756 000a 30       		.byte	0x30
ARM GAS  C:\Users\ALESSA~1\AppData\Local\Temp\ccxgxNq9.s 			page 40


 1757 000b 9F       		.byte	0x9f
 1758 000c 08000000 		.4byte	.LVL3
 1759 0010 32000000 		.4byte	.LVL11
 1760 0014 0100     		.2byte	0x1
 1761 0016 57       		.byte	0x57
 1762 0017 00000000 		.4byte	0
 1763 001b 00000000 		.4byte	0
 1764              	.LLST1:
 1765 001f 02000000 		.4byte	.LVL2
 1766 0023 08000000 		.4byte	.LVL3
 1767 0027 0200     		.2byte	0x2
 1768 0029 30       		.byte	0x30
 1769 002a 9F       		.byte	0x9f
 1770 002b 08000000 		.4byte	.LVL3
 1771 002f 34000000 		.4byte	.LFE4
 1772 0033 0100     		.2byte	0x1
 1773 0035 52       		.byte	0x52
 1774 0036 00000000 		.4byte	0
 1775 003a 00000000 		.4byte	0
 1776              	.LLST2:
 1777 003e 0C000000 		.4byte	.LVL4
 1778 0042 2C000000 		.4byte	.LVL10
 1779 0046 0100     		.2byte	0x1
 1780 0048 56       		.byte	0x56
 1781 0049 00000000 		.4byte	0
 1782 004d 00000000 		.4byte	0
 1783              	.LLST3:
 1784 0051 0E000000 		.4byte	.LVL5
 1785 0055 24000000 		.4byte	.LVL8
 1786 0059 0100     		.2byte	0x1
 1787 005b 53       		.byte	0x53
 1788 005c 26000000 		.4byte	.LVL9
 1789 0060 2C000000 		.4byte	.LVL10
 1790 0064 0100     		.2byte	0x1
 1791 0066 53       		.byte	0x53
 1792 0067 00000000 		.4byte	0
 1793 006b 00000000 		.4byte	0
 1794              	.LLST4:
 1795 006f 06000000 		.4byte	.LVL12
 1796 0073 10000000 		.4byte	.LVL13
 1797 0077 0100     		.2byte	0x1
 1798 0079 53       		.byte	0x53
 1799 007a 00000000 		.4byte	0
 1800 007e 00000000 		.4byte	0
 1801              	.LLST5:
 1802 0082 00000000 		.4byte	.LVL14
 1803 0086 09000000 		.4byte	.LVL16-1
 1804 008a 0100     		.2byte	0x1
 1805 008c 50       		.byte	0x50
 1806 008d 09000000 		.4byte	.LVL16-1
 1807 0091 0C000000 		.4byte	.LFE0
 1808 0095 0400     		.2byte	0x4
 1809 0097 F3       		.byte	0xf3
 1810 0098 01       		.uleb128 0x1
 1811 0099 50       		.byte	0x50
 1812 009a 9F       		.byte	0x9f
 1813 009b 00000000 		.4byte	0
ARM GAS  C:\Users\ALESSA~1\AppData\Local\Temp\ccxgxNq9.s 			page 41


 1814 009f 00000000 		.4byte	0
 1815              	.LLST6:
 1816 00a3 00000000 		.4byte	.LVL14
 1817 00a7 06000000 		.4byte	.LVL15
 1818 00ab 0100     		.2byte	0x1
 1819 00ad 51       		.byte	0x51
 1820 00ae 06000000 		.4byte	.LVL15
 1821 00b2 09000000 		.4byte	.LVL16-1
 1822 00b6 0100     		.2byte	0x1
 1823 00b8 52       		.byte	0x52
 1824 00b9 09000000 		.4byte	.LVL16-1
 1825 00bd 0C000000 		.4byte	.LFE0
 1826 00c1 0400     		.2byte	0x4
 1827 00c3 F3       		.byte	0xf3
 1828 00c4 01       		.uleb128 0x1
 1829 00c5 51       		.byte	0x51
 1830 00c6 9F       		.byte	0x9f
 1831 00c7 00000000 		.4byte	0
 1832 00cb 00000000 		.4byte	0
 1833              	.LLST7:
 1834 00cf 56000000 		.4byte	.LVL17
 1835 00d3 58000000 		.4byte	.LVL18
 1836 00d7 0200     		.2byte	0x2
 1837 00d9 49       		.byte	0x49
 1838 00da 9F       		.byte	0x9f
 1839 00db 58000000 		.4byte	.LVL18
 1840 00df AC000000 		.4byte	.LVL24
 1841 00e3 0100     		.2byte	0x1
 1842 00e5 55       		.byte	0x55
 1843 00e6 00000000 		.4byte	0
 1844 00ea 00000000 		.4byte	0
 1845              	.LLST8:
 1846 00ee 56000000 		.4byte	.LVL17
 1847 00f2 58000000 		.4byte	.LVL18
 1848 00f6 0200     		.2byte	0x2
 1849 00f8 30       		.byte	0x30
 1850 00f9 9F       		.byte	0x9f
 1851 00fa 58000000 		.4byte	.LVL18
 1852 00fe 64000000 		.4byte	.LVL19
 1853 0102 0100     		.2byte	0x1
 1854 0104 54       		.byte	0x54
 1855 0105 68000000 		.4byte	.LVL20
 1856 0109 AC000000 		.4byte	.LVL24
 1857 010d 0100     		.2byte	0x1
 1858 010f 54       		.byte	0x54
 1859 0110 00000000 		.4byte	0
 1860 0114 00000000 		.4byte	0
 1861              	.LLST9:
 1862 0118 00000000 		.4byte	.LVL25
 1863 011c 05000000 		.4byte	.LVL26-1
 1864 0120 0100     		.2byte	0x1
 1865 0122 50       		.byte	0x50
 1866 0123 05000000 		.4byte	.LVL26-1
 1867 0127 08000000 		.4byte	.LFE1
 1868 012b 0400     		.2byte	0x4
 1869 012d F3       		.byte	0xf3
 1870 012e 01       		.uleb128 0x1
ARM GAS  C:\Users\ALESSA~1\AppData\Local\Temp\ccxgxNq9.s 			page 42


 1871 012f 50       		.byte	0x50
 1872 0130 9F       		.byte	0x9f
 1873 0131 00000000 		.4byte	0
 1874 0135 00000000 		.4byte	0
 1875              	.LLST10:
 1876 0139 00000000 		.4byte	.LVL25
 1877 013d 05000000 		.4byte	.LVL26-1
 1878 0141 0100     		.2byte	0x1
 1879 0143 51       		.byte	0x51
 1880 0144 05000000 		.4byte	.LVL26-1
 1881 0148 08000000 		.4byte	.LFE1
 1882 014c 0400     		.2byte	0x4
 1883 014e F3       		.byte	0xf3
 1884 014f 01       		.uleb128 0x1
 1885 0150 51       		.byte	0x51
 1886 0151 9F       		.byte	0x9f
 1887 0152 00000000 		.4byte	0
 1888 0156 00000000 		.4byte	0
 1889              	.LLST11:
 1890 015a 00000000 		.4byte	.LVL25
 1891 015e 05000000 		.4byte	.LVL26-1
 1892 0162 0100     		.2byte	0x1
 1893 0164 52       		.byte	0x52
 1894 0165 05000000 		.4byte	.LVL26-1
 1895 0169 08000000 		.4byte	.LFE1
 1896 016d 0400     		.2byte	0x4
 1897 016f F3       		.byte	0xf3
 1898 0170 01       		.uleb128 0x1
 1899 0171 52       		.byte	0x52
 1900 0172 9F       		.byte	0x9f
 1901 0173 00000000 		.4byte	0
 1902 0177 00000000 		.4byte	0
 1903              	.LLST12:
 1904 017b 0E000000 		.4byte	.LVL29
 1905 017f 12000000 		.4byte	.LVL30
 1906 0183 0200     		.2byte	0x2
 1907 0185 30       		.byte	0x30
 1908 0186 9F       		.byte	0x9f
 1909 0187 12000000 		.4byte	.LVL30
 1910 018b 2A000000 		.4byte	.LVL32
 1911 018f 0100     		.2byte	0x1
 1912 0191 54       		.byte	0x54
 1913 0192 2C000000 		.4byte	.LVL33
 1914 0196 50000000 		.4byte	.LVL35
 1915 019a 0100     		.2byte	0x1
 1916 019c 54       		.byte	0x54
 1917 019d 00000000 		.4byte	0
 1918 01a1 00000000 		.4byte	0
 1919              	.LLST13:
 1920 01a5 12000000 		.4byte	.LVL30
 1921 01a9 2A000000 		.4byte	.LVL32
 1922 01ad 0B00     		.2byte	0xb
 1923 01af 74       		.byte	0x74
 1924 01b0 00       		.sleb128 0
 1925 01b1 36       		.byte	0x36
 1926 01b2 1E       		.byte	0x1e
 1927 01b3 03       		.byte	0x3
ARM GAS  C:\Users\ALESSA~1\AppData\Local\Temp\ccxgxNq9.s 			page 43


 1928 01b4 00000000 		.4byte	cfg_memset_list.5013
 1929 01b8 22       		.byte	0x22
 1930 01b9 9F       		.byte	0x9f
 1931 01ba 2A000000 		.4byte	.LVL32
 1932 01be 2C000000 		.4byte	.LVL33
 1933 01c2 0B00     		.2byte	0xb
 1934 01c4 74       		.byte	0x74
 1935 01c5 7F       		.sleb128 -1
 1936 01c6 36       		.byte	0x36
 1937 01c7 1E       		.byte	0x1e
 1938 01c8 03       		.byte	0x3
 1939 01c9 00000000 		.4byte	cfg_memset_list.5013
 1940 01cd 22       		.byte	0x22
 1941 01ce 9F       		.byte	0x9f
 1942 01cf 00000000 		.4byte	0
 1943 01d3 00000000 		.4byte	0
 1944              		.section	.debug_aranges,"",%progbits
 1945 0000 54000000 		.4byte	0x54
 1946 0004 0200     		.2byte	0x2
 1947 0006 00000000 		.4byte	.Ldebug_info0
 1948 000a 04       		.byte	0x4
 1949 000b 00       		.byte	0
 1950 000c 0000     		.2byte	0
 1951 000e 0000     		.2byte	0
 1952 0010 00000000 		.4byte	.LFB3
 1953 0014 02000000 		.4byte	.LFE3-.LFB3
 1954 0018 00000000 		.4byte	.LFB4
 1955 001c 34000000 		.4byte	.LFE4-.LFB4
 1956 0020 00000000 		.4byte	.LFB6
 1957 0024 38000000 		.4byte	.LFE6-.LFB6
 1958 0028 00000000 		.4byte	.LFB0
 1959 002c 0C000000 		.4byte	.LFE0-.LFB0
 1960 0030 00000000 		.4byte	.LFB5
 1961 0034 CC000000 		.4byte	.LFE5-.LFB5
 1962 0038 00000000 		.4byte	.LFB1
 1963 003c 08000000 		.4byte	.LFE1-.LFB1
 1964 0040 00000000 		.4byte	.LFB7
 1965 0044 10000000 		.4byte	.LFE7-.LFB7
 1966 0048 00000000 		.4byte	.LFB8
 1967 004c 14010000 		.4byte	.LFE8-.LFB8
 1968 0050 00000000 		.4byte	0
 1969 0054 00000000 		.4byte	0
 1970              		.section	.debug_ranges,"",%progbits
 1971              	.Ldebug_ranges0:
 1972 0000 00000000 		.4byte	.LFB3
 1973 0004 02000000 		.4byte	.LFE3
 1974 0008 00000000 		.4byte	.LFB4
 1975 000c 34000000 		.4byte	.LFE4
 1976 0010 00000000 		.4byte	.LFB6
 1977 0014 38000000 		.4byte	.LFE6
 1978 0018 00000000 		.4byte	.LFB0
 1979 001c 0C000000 		.4byte	.LFE0
 1980 0020 00000000 		.4byte	.LFB5
 1981 0024 CC000000 		.4byte	.LFE5
 1982 0028 00000000 		.4byte	.LFB1
 1983 002c 08000000 		.4byte	.LFE1
 1984 0030 00000000 		.4byte	.LFB7
ARM GAS  C:\Users\ALESSA~1\AppData\Local\Temp\ccxgxNq9.s 			page 44


 1985 0034 10000000 		.4byte	.LFE7
 1986 0038 00000000 		.4byte	.LFB8
 1987 003c 14010000 		.4byte	.LFE8
 1988 0040 00000000 		.4byte	0
 1989 0044 00000000 		.4byte	0
 1990              		.section	.debug_line,"",%progbits
 1991              	.Ldebug_line0:
 1992 0000 DB010000 		.section	.debug_str,"MS",%progbits,1
 1992      0200D600 
 1992      00000201 
 1992      FB0E0D00 
 1992      01010101 
 1993              	.LASF19:
 1994 0000 72656731 		.ascii	"reg16\000"
 1994      3600
 1995              	.LASF51:
 1996 0006 43794465 		.ascii	"CyDelayCycles\000"
 1996      6C617943 
 1996      79636C65 
 1996      7300
 1997              	.LASF12:
 1998 0014 73697A65 		.ascii	"size_t\000"
 1998      5F7400
 1999              	.LASF29:
 2000 001b 416E616C 		.ascii	"AnalogSetDefault\000"
 2000      6F675365 
 2000      74446566 
 2000      61756C74 
 2000      00
 2001              	.LASF33:
 2002 002c 74696D65 		.ascii	"timeout\000"
 2002      6F757400 
 2003              	.LASF21:
 2004 0034 76616C75 		.ascii	"value\000"
 2004      6500
 2005              	.LASF27:
 2006 003a 636F756E 		.ascii	"count\000"
 2006      7400
 2007              	.LASF32:
 2008 0040 436C6F63 		.ascii	"ClockSetup\000"
 2008      6B536574 
 2008      757000
 2009              	.LASF6:
 2010 004b 73686F72 		.ascii	"short unsigned int\000"
 2010      7420756E 
 2010      7369676E 
 2010      65642069 
 2010      6E7400
 2011              	.LASF34:
 2012 005e 706C6C4C 		.ascii	"pllLock\000"
 2012      6F636B00 
 2013              	.LASF16:
 2014 0066 666C6F61 		.ascii	"float\000"
 2014      7400
 2015              	.LASF50:
 2016 006c 4379436C 		.ascii	"CyClockStartupError\000"
 2016      6F636B53 
ARM GAS  C:\Users\ALESSA~1\AppData\Local\Temp\ccxgxNq9.s 			page 45


 2016      74617274 
 2016      75704572 
 2016      726F7200 
 2017              	.LASF36:
 2018 0080 64657374 		.ascii	"dest\000"
 2018      00
 2019              	.LASF44:
 2020 0085 6366675F 		.ascii	"cfg_memset_list\000"
 2020      6D656D73 
 2020      65745F6C 
 2020      69737400 
 2021              	.LASF42:
 2022 0095 73697A65 		.ascii	"size\000"
 2022      00
 2023              	.LASF47:
 2024 009a 474E5520 		.ascii	"GNU C11 5.4.1 20160609 (release) [ARM/embedded-5-br"
 2024      43313120 
 2024      352E342E 
 2024      31203230 
 2024      31363036 
 2025 00cd 616E6368 		.ascii	"anch revision 237715] -mcpu=cortex-m3 -mthumb -g -O"
 2025      20726576 
 2025      6973696F 
 2025      6E203233 
 2025      37373135 
 2026 0100 67202D66 		.ascii	"g -ffunction-sections -ffat-lto-objects\000"
 2026      66756E63 
 2026      74696F6E 
 2026      2D736563 
 2026      74696F6E 
 2027              	.LASF18:
 2028 0128 72656738 		.ascii	"reg8\000"
 2028      00
 2029              	.LASF8:
 2030 012d 6C6F6E67 		.ascii	"long unsigned int\000"
 2030      20756E73 
 2030      69676E65 
 2030      6420696E 
 2030      7400
 2031              	.LASF13:
 2032 013f 75696E74 		.ascii	"uint8\000"
 2032      3800
 2033              	.LASF31:
 2034 0145 43594D45 		.ascii	"CYMEMZERO\000"
 2034      4D5A4552 
 2034      4F00
 2035              	.LASF39:
 2036 014f 53657441 		.ascii	"SetAnalogRoutingPumps\000"
 2036      6E616C6F 
 2036      67526F75 
 2036      74696E67 
 2036      50756D70 
 2037              	.LASF4:
 2038 0165 756E7369 		.ascii	"unsigned char\000"
 2038      676E6564 
 2038      20636861 
 2038      7200
ARM GAS  C:\Users\ALESSA~1\AppData\Local\Temp\ccxgxNq9.s 			page 46


 2039              	.LASF45:
 2040 0173 6D656D73 		.ascii	"memset\000"
 2040      657400
 2041              	.LASF17:
 2042 017a 646F7562 		.ascii	"double\000"
 2042      6C6500
 2043              	.LASF28:
 2044 0181 6366675F 		.ascii	"cfg_write_bytes32\000"
 2044      77726974 
 2044      655F6279 
 2044      74657333 
 2044      3200
 2045              	.LASF5:
 2046 0193 73686F72 		.ascii	"short int\000"
 2046      7420696E 
 2046      7400
 2047              	.LASF24:
 2048 019d 61646472 		.ascii	"addr_table\000"
 2048      5F746162 
 2048      6C6500
 2049              	.LASF14:
 2050 01a8 75696E74 		.ascii	"uint16\000"
 2050      313600
 2051              	.LASF25:
 2052 01af 64617461 		.ascii	"data_table\000"
 2052      5F746162 
 2052      6C6500
 2053              	.LASF23:
 2054 01ba 6572726F 		.ascii	"errorCode\000"
 2054      72436F64 
 2054      6500
 2055              	.LASF15:
 2056 01c4 75696E74 		.ascii	"uint32\000"
 2056      333200
 2057              	.LASF0:
 2058 01cb 756E7369 		.ascii	"unsigned int\000"
 2058      676E6564 
 2058      20696E74 
 2058      00
 2059              	.LASF40:
 2060 01d8 63796669 		.ascii	"cyfitter_cfg\000"
 2060      74746572 
 2060      5F636667 
 2060      00
 2061              	.LASF41:
 2062 01e5 61646472 		.ascii	"address\000"
 2062      65737300 
 2063              	.LASF9:
 2064 01ed 6C6F6E67 		.ascii	"long long unsigned int\000"
 2064      206C6F6E 
 2064      6720756E 
 2064      7369676E 
 2064      65642069 
 2065              	.LASF43:
 2066 0204 6366675F 		.ascii	"cfg_memset_t\000"
 2066      6D656D73 
 2066      65745F74 
ARM GAS  C:\Users\ALESSA~1\AppData\Local\Temp\ccxgxNq9.s 			page 47


 2066      00
 2067              	.LASF26:
 2068 0211 62617365 		.ascii	"baseAddr\000"
 2068      41646472 
 2068      00
 2069              	.LASF10:
 2070 021a 73697A65 		.ascii	"sizetype\000"
 2070      74797065 
 2070      00
 2071              	.LASF1:
 2072 0223 6C6F6E67 		.ascii	"long long int\000"
 2072      206C6F6E 
 2072      6720696E 
 2072      7400
 2073              	.LASF48:
 2074 0231 47656E65 		.ascii	"Generated_Source\\PSoC5\\cyfitter_cfg.c\000"
 2074      72617465 
 2074      645F536F 
 2074      75726365 
 2074      5C50536F 
 2075              	.LASF46:
 2076 0257 6D656D63 		.ascii	"memcpy\000"
 2076      707900
 2077              	.LASF22:
 2078 025e 63795F63 		.ascii	"cy_cfg_addrvalue_t\000"
 2078      66675F61 
 2078      64647276 
 2078      616C7565 
 2078      5F7400
 2079              	.LASF20:
 2080 0271 6F666673 		.ascii	"offset\000"
 2080      657400
 2081              	.LASF49:
 2082 0278 433A5C55 		.ascii	"C:\\Users\\Alessandro\\Downloads\\V13\\Design01.cyd"
 2082      73657273 
 2082      5C416C65 
 2082      7373616E 
 2082      64726F5C 
 2083 02a6 736E00   		.ascii	"sn\000"
 2084              	.LASF37:
 2085 02a9 656E6162 		.ascii	"enabled\000"
 2085      6C656400 
 2086              	.LASF7:
 2087 02b1 6C6F6E67 		.ascii	"long int\000"
 2087      20696E74 
 2087      00
 2088              	.LASF11:
 2089 02ba 63686172 		.ascii	"char\000"
 2089      00
 2090              	.LASF2:
 2091 02bf 6C6F6E67 		.ascii	"long double\000"
 2091      20646F75 
 2091      626C6500 
 2092              	.LASF30:
 2093 02cb 62675F78 		.ascii	"bg_xover_inl_trim\000"
 2093      6F766572 
 2093      5F696E6C 
ARM GAS  C:\Users\ALESSA~1\AppData\Local\Temp\ccxgxNq9.s 			page 48


 2093      5F747269 
 2093      6D00
 2094              	.LASF3:
 2095 02dd 7369676E 		.ascii	"signed char\000"
 2095      65642063 
 2095      68617200 
 2096              	.LASF38:
 2097 02e9 72656756 		.ascii	"regValue\000"
 2097      616C7565 
 2097      00
 2098              	.LASF35:
 2099 02f2 4359434F 		.ascii	"CYCONFIGCPY\000"
 2099      4E464947 
 2099      43505900 
 2100              		.ident	"GCC: (GNU Tools for ARM Embedded Processors) 5.4.1 20160609 (release) [ARM/embedded-5-bran
