Loading plugins phase: Elapsed time ==> 3s.951ms
<CYPRESSTAG name="CyDsfit arguments...">
cydsfit arguments: -.fdsnotice -.fdswarpdepfile=warp_dependencies.txt -.fdselabdepfile=elab_dependencies.txt -.fdsbldfile=generated_files.txt -.fdsreffile=referenced_files.txt -p C:\Users\Alessandro\Downloads\V13\Design01.cydsn\Design01.cyprj -d CY8C5888LTQ-LP097 -s C:\Users\Alessandro\Downloads\V13\Design01.cydsn\Generated_Source\PSoC5 -- -yv2 -q10 -ygs -o2 -v3 -.fftcfgtype=LE
</CYPRESSTAG>
<CYPRESSTAG name="Design elaboration results...">
ADD: sdb.M0065: information: Analog terminal "INVERSOR_1.analog_0" on TopDesign is unconnected.
 * C:\Users\Alessandro\Downloads\V13\Design01.cydsn\TopDesign\TopDesign.cysch (Signal: Net_27)
 * C:\Users\Alessandro\Downloads\V13\Design01.cydsn\TopDesign\TopDesign.cysch (Shape_7.1)

ADD: sdb.M0065: information: Analog terminal "INVERSOR_3.analog_0" on TopDesign is unconnected.
 * C:\Users\Alessandro\Downloads\V13\Design01.cydsn\TopDesign\TopDesign.cysch (Signal: Net_86)
 * C:\Users\Alessandro\Downloads\V13\Design01.cydsn\TopDesign\TopDesign.cysch (Shape_74.1)

ADD: sdb.M0065: information: Analog terminal "INVERSOR_2.analog_0" on TopDesign is unconnected.
 * C:\Users\Alessandro\Downloads\V13\Design01.cydsn\TopDesign\TopDesign.cysch (Signal: Net_68)
 * C:\Users\Alessandro\Downloads\V13\Design01.cydsn\TopDesign\TopDesign.cysch (Shape_75.1)

</CYPRESSTAG>
Elaboration phase: Elapsed time ==> 15s.220ms
<CYPRESSTAG name="HDL generation results...">
</CYPRESSTAG>
HDL generation phase: Elapsed time ==> 0s.063ms
<CYPRESSTAG name="Synthesis results...">

     | | | | | | |
   _________________
  -|               |-
  -|               |-
  -|               |-
  -|    CYPRESS    |-
  -|               |-
  -|               |-   Warp Verilog Synthesis Compiler: Version 6.3 IR 41
  -|               |-   Copyright (C) 1991-2001 Cypress Semiconductor
   |_______________|
     | | | | | | |

======================================================================
Compiling:  Design01.v
Program  :   C:\Program Files (x86)\Cypress\PSoC Creator\4.4\PSoC Creator\warp\bin\warp.exe
Options  :    -yv2 -q10 -ygs -o2 -v3 -.fftcfgtype=LE -ya -.fftprj=C:\Users\Alessandro\Downloads\V13\Design01.cydsn\Design01.cyprj -dcpsoc3 Design01.v -verilog
======================================================================

======================================================================
Compiling:  Design01.v
Program  :   C:\Program Files (x86)\Cypress\PSoC Creator\4.4\PSoC Creator\warp\bin\warp.exe
Options  :    -yv2 -q10 -ygs -o2 -v3 -.fftcfgtype=LE -ya -.fftprj=C:\Users\Alessandro\Downloads\V13\Design01.cydsn\Design01.cyprj -dcpsoc3 Design01.v -verilog
======================================================================

======================================================================
Compiling:  Design01.v
Program  :   vlogfe
Options  :    -yv2 -q10 -ygs -o2 -v3 -.fftcfgtype=LE -ya -.fftprj=C:\Users\Alessandro\Downloads\V13\Design01.cydsn\Design01.cyprj -dcpsoc3 -verilog Design01.v
======================================================================

vlogfe V6.3 IR 41:  Verilog parser
Mon Aug 26 00:07:19 2024


======================================================================
Compiling:  Design01.v
Program  :   vpp
Options  :    -yv2 -q10 Design01.v
======================================================================

vpp V6.3 IR 41:  Verilog Pre-Processor
Mon Aug 26 00:07:20 2024

Flattening file 'C:\Program Files (x86)\Cypress\PSoC Creator\4.4\PSoC Creator\psoc\content\CyPrimitives\cyprimitives.cylib\cy_virtualmux_v1_0\cy_virtualmux_v1_0.v'
Flattening file 'C:\Program Files (x86)\Cypress\PSoC Creator\4.4\PSoC Creator\psoc\content\CyComponentLibrary\CyComponentLibrary.cylib\B_UART_v2_50\B_UART_v2_50.v'
Flattening file 'C:\Program Files (x86)\Cypress\PSoC Creator\4.4\PSoC Creator\warp\lib\common\cypress.v'
Flattening file 'C:\Program Files (x86)\Cypress\PSoC Creator\4.4\PSoC Creator\warp\lib\common\cy_psoc3_inc.v'
Flattening file 'C:\Program Files (x86)\Cypress\PSoC Creator\4.4\PSoC Creator\psoc\content\CyPrimitives\cyprimitives.cylib\cy_analog_virtualmux_v1_0\cy_analog_virtualmux_v1_0.v'
Flattening file 'C:\Program Files (x86)\Cypress\PSoC Creator\4.4\PSoC Creator\psoc\content\CyPrimitives\cyprimitives.cylib\ZeroTerminal\ZeroTerminal.v'
Flattening file 'C:\Program Files (x86)\Cypress\PSoC Creator\4.4\PSoC Creator\psoc\content\CyPrimitives\cyprimitives.cylib\OneTerminal\OneTerminal.v'
Flattening file 'C:\Program Files (x86)\Cypress\PSoC Creator\4.4\PSoC Creator\psoc\content\CyComponentLibrary\CyComponentLibrary.cylib\Debouncer_v1_0\Debouncer_v1_0.v'
Flattening file 'C:\Program Files (x86)\Cypress\PSoC Creator\4.4\PSoC Creator\warp\lib\common\cypress.v'

vpp:  No errors.

Library 'work' => directory 'lcpsoc3'
General_symbol_table
General_symbol_table
Linking 'C:\Program Files (x86)\Cypress\PSoC Creator\4.4\PSoC Creator\warp\lib\common\std.vhd'.
Linking 'C:\Program Files (x86)\Cypress\PSoC Creator\4.4\PSoC Creator\warp\lib\common\cypress.vhd'.
Linking 'C:\Program Files (x86)\Cypress\PSoC Creator\4.4\PSoC Creator\warp\lib\common\work\cypress.vif'.
Linking 'C:\Program Files (x86)\Cypress\PSoC Creator\4.4\PSoC Creator\warp\lib\ieee\work\stdlogic.vif'.
Linking 'C:\Program Files (x86)\Cypress\PSoC Creator\4.4\PSoC Creator\warp\lib\common\stdlogic\lpmpkg.vif'.
Linking 'C:\Program Files (x86)\Cypress\PSoC Creator\4.4\PSoC Creator\warp\lib\common\stdlogic\rtlpkg.vif'.
Linking 'C:\Program Files (x86)\Cypress\PSoC Creator\4.4\PSoC Creator\warp\lib\common\stdlogic\mod_cnst.vif'.
Linking 'C:\Program Files (x86)\Cypress\PSoC Creator\4.4\PSoC Creator\warp\lib\common\stdlogic\mod_mthv.vif'.
Linking 'C:\Program Files (x86)\Cypress\PSoC Creator\4.4\PSoC Creator\warp\lib\common\stdlogic\mod_genv.vif'.
Using control file 'Design01.ctl'.
C:\Program Files (x86)\Cypress\PSoC Creator\4.4\PSoC Creator\psoc\content\CyComponentLibrary\CyComponentLibrary.cylib\B_UART_v2_50\B_UART_v2_50.v (line 1113, col 55):  Note: Substituting module 'add_vv_vv' for '+'.
C:\Program Files (x86)\Cypress\PSoC Creator\4.4\PSoC Creator\psoc\content\CyComponentLibrary\CyComponentLibrary.cylib\B_UART_v2_50\B_UART_v2_50.v (line 1122, col 48):  Note: Substituting module 'cmp_vv_vv' for '<'.
C:\Program Files (x86)\Cypress\PSoC Creator\4.4\PSoC Creator\psoc\content\CyComponentLibrary\CyComponentLibrary.cylib\B_UART_v2_50\B_UART_v2_50.v (line 1122, col 77):  Note: Substituting module 'cmp_vv_vv' for '<'.
C:\Program Files (x86)\Cypress\PSoC Creator\4.4\PSoC Creator\psoc\content\CyComponentLibrary\CyComponentLibrary.cylib\B_UART_v2_50\B_UART_v2_50.v (line 1389, col 59):  Note: Substituting module 'cmp_vv_vv' for '<'.
C:\Program Files (x86)\Cypress\PSoC Creator\4.4\PSoC Creator\psoc\content\CyComponentLibrary\CyComponentLibrary.cylib\B_UART_v2_50\B_UART_v2_50.v (line 1424, col 61):  Note: Substituting module 'cmp_vv_vv' for '/='.
C:\Program Files (x86)\Cypress\PSoC Creator\4.4\PSoC Creator\psoc\content\CyComponentLibrary\CyComponentLibrary.cylib\B_UART_v2_50\B_UART_v2_50.v (line 1547, col 106):  Note: Substituting module 'cmp_vv_vv' for '<'.
C:\Program Files (x86)\Cypress\PSoC Creator\4.4\PSoC Creator\psoc\content\CyComponentLibrary\CyComponentLibrary.cylib\B_UART_v2_50\B_UART_v2_50.v (line 1603, col 68):  Note: Substituting module 'cmp_vv_vv' for '<'.
C:\Program Files (x86)\Cypress\PSoC Creator\4.4\PSoC Creator\psoc\content\CyComponentLibrary\CyComponentLibrary.cylib\B_UART_v2_50\B_UART_v2_50.v (line 1604, col 68):  Note: Substituting module 'cmp_vv_vv' for '<'.
Linking 'C:\Program Files (x86)\Cypress\PSoC Creator\4.4\PSoC Creator\warp\lib\common\stdlogic\cy_psoc3pkg.vif'.
Linking 'C:\Program Files (x86)\Cypress\PSoC Creator\4.4\PSoC Creator\warp\lib\common\stdlogic\cy_psoc3.vif'.

vlogfe:  No errors.


======================================================================
Compiling:  Design01.v
Program  :   tovif
Options  :    -yv2 -q10 -ygs -o2 -v3 -.fftcfgtype=LE -ya -.fftprj=C:\Users\Alessandro\Downloads\V13\Design01.cydsn\Design01.cyprj -dcpsoc3 -verilog Design01.v
======================================================================

tovif V6.3 IR 41:  High-level synthesis
Mon Aug 26 00:07:20 2024

Linking 'C:\Program Files (x86)\Cypress\PSoC Creator\4.4\PSoC Creator\warp\lib\common\std.vhd'.
Linking 'C:\Program Files (x86)\Cypress\PSoC Creator\4.4\PSoC Creator\warp\lib\common\cypress.vhd'.
Linking 'C:\Program Files (x86)\Cypress\PSoC Creator\4.4\PSoC Creator\warp\lib\common\work\cypress.vif'.
Linking 'C:\Program Files (x86)\Cypress\PSoC Creator\4.4\PSoC Creator\warp\lib\ieee\work\stdlogic.vif'.
Linking 'C:\Program Files (x86)\Cypress\PSoC Creator\4.4\PSoC Creator\warp\lib\common\stdlogic\lpmpkg.vif'.
Linking 'C:\Program Files (x86)\Cypress\PSoC Creator\4.4\PSoC Creator\warp\lib\common\stdlogic\rtlpkg.vif'.
Linking 'C:\Program Files (x86)\Cypress\PSoC Creator\4.4\PSoC Creator\warp\lib\common\stdlogic\mod_cnst.vif'.
Linking 'C:\Program Files (x86)\Cypress\PSoC Creator\4.4\PSoC Creator\warp\lib\common\stdlogic\mod_mthv.vif'.
Linking 'C:\Program Files (x86)\Cypress\PSoC Creator\4.4\PSoC Creator\warp\lib\common\stdlogic\mod_genv.vif'.
Linking 'C:\Users\Alessandro\Downloads\V13\Design01.cydsn\codegentemp\Design01.ctl'.
Linking 'C:\Program Files (x86)\Cypress\PSoC Creator\4.4\PSoC Creator\psoc\content\CyPrimitives\cyprimitives.cylib\cy_virtualmux_v1_0\cy_virtualmux_v1_0.v'.
Linking 'C:\Users\Alessandro\Downloads\V13\Design01.cydsn\codegentemp\Design01.v'.
Linking 'C:\Program Files (x86)\Cypress\PSoC Creator\4.4\PSoC Creator\psoc\content\CyComponentLibrary\CyComponentLibrary.cylib\B_UART_v2_50\B_UART_v2_50.v'.
Linking 'C:\Program Files (x86)\Cypress\PSoC Creator\4.4\PSoC Creator\warp\lib\common\cypress.v'.
Linking 'C:\Program Files (x86)\Cypress\PSoC Creator\4.4\PSoC Creator\warp\lib\common\cy_psoc3_inc.v'.
Linking 'C:\Program Files (x86)\Cypress\PSoC Creator\4.4\PSoC Creator\psoc\content\CyPrimitives\cyprimitives.cylib\cy_analog_virtualmux_v1_0\cy_analog_virtualmux_v1_0.v'.
Linking 'C:\Program Files (x86)\Cypress\PSoC Creator\4.4\PSoC Creator\psoc\content\CyPrimitives\cyprimitives.cylib\ZeroTerminal\ZeroTerminal.v'.
Linking 'C:\Program Files (x86)\Cypress\PSoC Creator\4.4\PSoC Creator\psoc\content\CyPrimitives\cyprimitives.cylib\OneTerminal\OneTerminal.v'.
Linking 'C:\Program Files (x86)\Cypress\PSoC Creator\4.4\PSoC Creator\psoc\content\CyComponentLibrary\CyComponentLibrary.cylib\Debouncer_v1_0\Debouncer_v1_0.v'.
Linking 'C:\Program Files (x86)\Cypress\PSoC Creator\4.4\PSoC Creator\warp\lib\common\stdlogic\cy_psoc3pkg.vif'.
Linking 'C:\Program Files (x86)\Cypress\PSoC Creator\4.4\PSoC Creator\warp\lib\common\stdlogic\cy_psoc3.vif'.
Linking 'C:\Program Files (x86)\Cypress\PSoC Creator\4.4\PSoC Creator\warp\lib\lcpsoc3\stdlogic\mod_cnst.vif'.
Linking 'C:\Program Files (x86)\Cypress\PSoC Creator\4.4\PSoC Creator\warp\lib\common\stdlogic\mcompare.vif'.

tovif:  No errors.


======================================================================
Compiling:  Design01.v
Program  :   topld
Options  :    -yv2 -q10 -ygs -o2 -v3 -.fftcfgtype=LE -ya -.fftprj=C:\Users\Alessandro\Downloads\V13\Design01.cydsn\Design01.cyprj -dcpsoc3 -verilog Design01.v
======================================================================

topld V6.3 IR 41:  Synthesis and optimization
Mon Aug 26 00:07:21 2024

Linking 'C:\Program Files (x86)\Cypress\PSoC Creator\4.4\PSoC Creator\warp\lib\common\std.vhd'.
Linking 'C:\Program Files (x86)\Cypress\PSoC Creator\4.4\PSoC Creator\warp\lib\common\cypress.vhd'.
Linking 'C:\Program Files (x86)\Cypress\PSoC Creator\4.4\PSoC Creator\warp\lib\common\work\cypress.vif'.
Linking 'C:\Program Files (x86)\Cypress\PSoC Creator\4.4\PSoC Creator\warp\lib\ieee\work\stdlogic.vif'.
Linking 'C:\Program Files (x86)\Cypress\PSoC Creator\4.4\PSoC Creator\warp\lib\common\stdlogic\lpmpkg.vif'.
Linking 'C:\Program Files (x86)\Cypress\PSoC Creator\4.4\PSoC Creator\warp\lib\common\stdlogic\rtlpkg.vif'.
Linking 'C:\Program Files (x86)\Cypress\PSoC Creator\4.4\PSoC Creator\warp\lib\common\stdlogic\mod_cnst.vif'.
Linking 'C:\Program Files (x86)\Cypress\PSoC Creator\4.4\PSoC Creator\warp\lib\common\stdlogic\mod_mthv.vif'.
Linking 'C:\Program Files (x86)\Cypress\PSoC Creator\4.4\PSoC Creator\warp\lib\common\stdlogic\mod_genv.vif'.
Linking 'C:\Users\Alessandro\Downloads\V13\Design01.cydsn\codegentemp\Design01.ctl'.
Linking 'C:\Program Files (x86)\Cypress\PSoC Creator\4.4\PSoC Creator\psoc\content\CyPrimitives\cyprimitives.cylib\cy_virtualmux_v1_0\cy_virtualmux_v1_0.v'.
Linking 'C:\Users\Alessandro\Downloads\V13\Design01.cydsn\codegentemp\Design01.v'.
Linking 'C:\Program Files (x86)\Cypress\PSoC Creator\4.4\PSoC Creator\psoc\content\CyComponentLibrary\CyComponentLibrary.cylib\B_UART_v2_50\B_UART_v2_50.v'.
Linking 'C:\Program Files (x86)\Cypress\PSoC Creator\4.4\PSoC Creator\warp\lib\common\cypress.v'.
Linking 'C:\Program Files (x86)\Cypress\PSoC Creator\4.4\PSoC Creator\warp\lib\common\cy_psoc3_inc.v'.
Linking 'C:\Program Files (x86)\Cypress\PSoC Creator\4.4\PSoC Creator\psoc\content\CyPrimitives\cyprimitives.cylib\cy_analog_virtualmux_v1_0\cy_analog_virtualmux_v1_0.v'.
Linking 'C:\Program Files (x86)\Cypress\PSoC Creator\4.4\PSoC Creator\psoc\content\CyPrimitives\cyprimitives.cylib\ZeroTerminal\ZeroTerminal.v'.
Linking 'C:\Program Files (x86)\Cypress\PSoC Creator\4.4\PSoC Creator\psoc\content\CyPrimitives\cyprimitives.cylib\OneTerminal\OneTerminal.v'.
Linking 'C:\Program Files (x86)\Cypress\PSoC Creator\4.4\PSoC Creator\psoc\content\CyComponentLibrary\CyComponentLibrary.cylib\Debouncer_v1_0\Debouncer_v1_0.v'.
Linking 'C:\Program Files (x86)\Cypress\PSoC Creator\4.4\PSoC Creator\warp\lib\common\stdlogic\cy_psoc3pkg.vif'.
Linking 'C:\Program Files (x86)\Cypress\PSoC Creator\4.4\PSoC Creator\warp\lib\common\stdlogic\cy_psoc3.vif'.
Linking 'C:\Program Files (x86)\Cypress\PSoC Creator\4.4\PSoC Creator\warp\lib\lcpsoc3\stdlogic\mod_cnst.vif'.
Linking 'C:\Program Files (x86)\Cypress\PSoC Creator\4.4\PSoC Creator\warp\lib\common\stdlogic\mcompare.vif'.
Linking 'C:\Program Files (x86)\Cypress\PSoC Creator\4.4\PSoC Creator\warp\lib\lcpsoc3\stdlogic\cpsoc3.vif'.

----------------------------------------------------------
Detecting unused logic.
----------------------------------------------------------
    User names
	\UART_1:BUART:reset_sr\
	\UART_1:BUART:sRX:s23Poll:MODULE_1:g2:a0:b_1\
	\UART_1:BUART:sRX:s23Poll:MODULE_1:g2:a0:b_0\
	\UART_1:BUART:sRX:s23Poll:MODULE_2:g2:a0:gta_0\
	\UART_1:BUART:sRX:s23Poll:MODULE_3:g2:a0:gta_0\
	Net_17
	\UART_1:BUART:sRX:MODULE_4:g2:a0:gta_0\
	\UART_1:BUART:sRX:MODULE_5:g1:a0:gx:u0:albi_1\
	\UART_1:BUART:sRX:MODULE_5:g1:a0:gx:u0:agbi_1\
	\UART_1:BUART:sRX:MODULE_5:g1:a0:gx:u0:lt_0\
	\UART_1:BUART:sRX:MODULE_5:g1:a0:gx:u0:gt_0\
	\UART_1:BUART:sRX:MODULE_5:g1:a0:gx:u0:lti_0\
	\UART_1:BUART:sRX:MODULE_5:g1:a0:gx:u0:gti_0\
	\UART_1:BUART:sRX:MODULE_5:g1:a0:gx:u0:albi_0\
	\UART_1:BUART:sRX:MODULE_5:g1:a0:gx:u0:agbi_0\
	\UART_1:BUART:sRX:MODULE_5:g1:a0:xeq\
	\UART_1:BUART:sRX:MODULE_5:g1:a0:xlt\
	\UART_1:BUART:sRX:MODULE_5:g1:a0:xlte\
	\UART_1:BUART:sRX:MODULE_5:g1:a0:xgt\
	\UART_1:BUART:sRX:MODULE_5:g1:a0:xgte\
	\UART_1:BUART:sRX:MODULE_5:lt\
	\UART_1:BUART:sRX:MODULE_5:eq\
	\UART_1:BUART:sRX:MODULE_5:gt\
	\UART_1:BUART:sRX:MODULE_5:gte\
	\UART_1:BUART:sRX:MODULE_5:lte\
	Net_153


Deleted 26 User equations/components.
Deleted 0 Synthesized equations/components.

------------------------------------------------------
Alias Detection
------------------------------------------------------
Aliasing \UART_1:BUART:HalfDuplexSend\ to \UART_1:BUART:tx_hd_send_break\
Aliasing \UART_1:BUART:FinalParityType_1\ to \UART_1:BUART:tx_hd_send_break\
Aliasing \UART_1:BUART:FinalParityType_0\ to \UART_1:BUART:tx_hd_send_break\
Aliasing \UART_1:BUART:FinalAddrMode_2\ to \UART_1:BUART:tx_hd_send_break\
Aliasing \UART_1:BUART:FinalAddrMode_1\ to \UART_1:BUART:tx_hd_send_break\
Aliasing \UART_1:BUART:FinalAddrMode_0\ to \UART_1:BUART:tx_hd_send_break\
Aliasing \UART_1:BUART:tx_ctrl_mark\ to \UART_1:BUART:tx_hd_send_break\
Aliasing zero to \UART_1:BUART:tx_hd_send_break\
Aliasing \UART_1:BUART:tx_status_6\ to \UART_1:BUART:tx_hd_send_break\
Aliasing \UART_1:BUART:tx_status_5\ to \UART_1:BUART:tx_hd_send_break\
Aliasing \UART_1:BUART:tx_status_4\ to \UART_1:BUART:tx_hd_send_break\
Aliasing \UART_1:BUART:sRX:s23Poll:MODULE_1:g2:a0:g1:z1:s0:g1:u0:b_0\ to one
Aliasing \UART_1:BUART:sRX:s23Poll:MODIN2_1\ to \UART_1:BUART:sRX:s23Poll:MODIN1_1\
Aliasing \UART_1:BUART:sRX:s23Poll:MODIN2_0\ to \UART_1:BUART:sRX:s23Poll:MODIN1_0\
Aliasing \UART_1:BUART:sRX:s23Poll:MODULE_2:g2:a0:newb_1\ to \UART_1:BUART:tx_hd_send_break\
Aliasing \UART_1:BUART:sRX:s23Poll:MODULE_2:g2:a0:newb_0\ to one
Aliasing \UART_1:BUART:sRX:s23Poll:MODIN3_1\ to \UART_1:BUART:sRX:s23Poll:MODIN1_1\
Aliasing \UART_1:BUART:sRX:s23Poll:MODIN3_0\ to \UART_1:BUART:sRX:s23Poll:MODIN1_0\
Aliasing \UART_1:BUART:sRX:s23Poll:MODULE_3:g2:a0:newb_1\ to one
Aliasing \UART_1:BUART:sRX:s23Poll:MODULE_3:g2:a0:newb_0\ to \UART_1:BUART:tx_hd_send_break\
Aliasing \UART_1:BUART:rx_status_1\ to \UART_1:BUART:tx_hd_send_break\
Aliasing \UART_1:BUART:sRX:MODULE_4:g2:a0:newa_6\ to \UART_1:BUART:tx_hd_send_break\
Aliasing \UART_1:BUART:sRX:MODULE_4:g2:a0:newa_5\ to \UART_1:BUART:tx_hd_send_break\
Aliasing \UART_1:BUART:sRX:MODULE_4:g2:a0:newa_4\ to \UART_1:BUART:tx_hd_send_break\
Aliasing \UART_1:BUART:sRX:MODULE_4:g2:a0:newa_3\ to \UART_1:BUART:tx_hd_send_break\
Aliasing \UART_1:BUART:sRX:MODULE_4:g2:a0:newb_6\ to \UART_1:BUART:tx_hd_send_break\
Aliasing \UART_1:BUART:sRX:MODULE_4:g2:a0:newb_5\ to \UART_1:BUART:tx_hd_send_break\
Aliasing \UART_1:BUART:sRX:MODULE_4:g2:a0:newb_4\ to \UART_1:BUART:tx_hd_send_break\
Aliasing \UART_1:BUART:sRX:MODULE_4:g2:a0:newb_3\ to \UART_1:BUART:tx_hd_send_break\
Aliasing \UART_1:BUART:sRX:MODULE_4:g2:a0:newb_2\ to one
Aliasing \UART_1:BUART:sRX:MODULE_4:g2:a0:newb_1\ to one
Aliasing \UART_1:BUART:sRX:MODULE_4:g2:a0:newb_0\ to \UART_1:BUART:tx_hd_send_break\
Aliasing \UART_1:BUART:sRX:MODULE_5:g1:a0:gx:u0:aeqb_0\ to one
Aliasing tmpOE__Rx_1_net_0 to one
Aliasing tmpOE__Tx_1_net_0 to one
Aliasing tmpOE__Vout_1_net_0 to one
Aliasing tmpOE__INVERSOR_1_net_0 to one
Aliasing tmpOE__SENSOR_1_net_0 to one
Aliasing tmpOE__Vout_2_net_0 to one
Aliasing tmpOE__SENSOR_2_net_0 to one
Aliasing tmpOE__INVERSOR_3_net_0 to one
Aliasing tmpOE__SENSOR_3_net_0 to one
Aliasing tmpOE__Vout_3_net_0 to one
Aliasing tmpOE__DIGITOS_net_3 to one
Aliasing tmpOE__DIGITOS_net_2 to one
Aliasing tmpOE__DIGITOS_net_1 to one
Aliasing tmpOE__DIGITOS_net_0 to one
Aliasing tmpOE__INVERSOR_2_net_0 to one
Aliasing tmpOE__BOTONES_net_1 to one
Aliasing tmpOE__BOTONES_net_0 to one
Aliasing tmpOE__LED_MSB_net_0 to one
Aliasing tmpOE__BOTON_net_0 to one
Aliasing Net_12 to \UART_1:BUART:tx_hd_send_break\
Aliasing \Timer_1:Net_260\ to \UART_1:BUART:tx_hd_send_break\
Aliasing \Timer_1:Net_102\ to one
Aliasing tmpOE__SS_A_net_0 to one
Aliasing tmpOE__SS_B_net_0 to one
Aliasing tmpOE__SS_C_net_0 to one
Aliasing tmpOE__SS_D_net_0 to one
Aliasing tmpOE__SS_E_net_0 to one
Aliasing tmpOE__SS_F_net_0 to one
Aliasing tmpOE__SS_G_net_0 to one
Aliasing tmpOE__SS_P_net_0 to one
Aliasing tmpOE__LED_LSB_net_0 to one
Aliasing \UART_1:BUART:reset_reg\\D\ to \UART_1:BUART:tx_hd_send_break\
Aliasing \UART_1:BUART:rx_break_status\\D\ to \UART_1:BUART:tx_hd_send_break\
Aliasing \Debouncer_1:DEBOUNCER[0]:d_sync_1\\D\ to Net_157
Aliasing \Debouncer_2:DEBOUNCER[0]:d_sync_1\\D\ to Net_185
Removing Lhs of wire \UART_1:Net_61\[2] = \UART_1:Net_9\[1]
Removing Lhs of wire \UART_1:BUART:HalfDuplexSend\[8] = \UART_1:BUART:tx_hd_send_break\[7]
Removing Lhs of wire \UART_1:BUART:FinalParityType_1\[9] = \UART_1:BUART:tx_hd_send_break\[7]
Removing Lhs of wire \UART_1:BUART:FinalParityType_0\[10] = \UART_1:BUART:tx_hd_send_break\[7]
Removing Lhs of wire \UART_1:BUART:FinalAddrMode_2\[11] = \UART_1:BUART:tx_hd_send_break\[7]
Removing Lhs of wire \UART_1:BUART:FinalAddrMode_1\[12] = \UART_1:BUART:tx_hd_send_break\[7]
Removing Lhs of wire \UART_1:BUART:FinalAddrMode_0\[13] = \UART_1:BUART:tx_hd_send_break\[7]
Removing Lhs of wire \UART_1:BUART:tx_ctrl_mark\[14] = \UART_1:BUART:tx_hd_send_break\[7]
Removing Rhs of wire Net_25[19] = \UART_1:BUART:tx_interrupt_out\[20]
Removing Rhs of wire Net_26[21] = \UART_1:BUART:rx_interrupt_out\[22]
Removing Rhs of wire \UART_1:BUART:tx_bitclk_enable_pre\[26] = \UART_1:BUART:tx_bitclk_dp\[63]
Removing Rhs of wire zero[27] = \UART_1:BUART:tx_hd_send_break\[7]
Removing Lhs of wire \UART_1:BUART:tx_counter_tc\[73] = \UART_1:BUART:tx_counter_dp\[64]
Removing Lhs of wire \UART_1:BUART:tx_status_6\[74] = zero[27]
Removing Lhs of wire \UART_1:BUART:tx_status_5\[75] = zero[27]
Removing Lhs of wire \UART_1:BUART:tx_status_4\[76] = zero[27]
Removing Lhs of wire \UART_1:BUART:tx_status_1\[78] = \UART_1:BUART:tx_fifo_empty\[41]
Removing Lhs of wire \UART_1:BUART:tx_status_3\[80] = \UART_1:BUART:tx_fifo_notfull\[40]
Removing Rhs of wire \UART_1:BUART:rx_count7_bit8_wire\[140] = \UART_1:BUART:rx_count7_bit8\[141]
Removing Lhs of wire \UART_1:BUART:sRX:s23Poll:add_vv_vv_MODGEN_1_1\[149] = \UART_1:BUART:sRX:s23Poll:MODULE_1:g2:a0:s_1\[160]
Removing Lhs of wire \UART_1:BUART:sRX:s23Poll:add_vv_vv_MODGEN_1_0\[151] = \UART_1:BUART:sRX:s23Poll:MODULE_1:g2:a0:s_0\[161]
Removing Lhs of wire \UART_1:BUART:sRX:s23Poll:cmp_vv_vv_MODGEN_2\[152] = \UART_1:BUART:sRX:s23Poll:MODULE_2:g2:a0:lta_0\[177]
Removing Lhs of wire \UART_1:BUART:sRX:s23Poll:cmp_vv_vv_MODGEN_3\[153] = \UART_1:BUART:sRX:s23Poll:MODULE_3:g2:a0:lta_0\[191]
Removing Lhs of wire \UART_1:BUART:sRX:s23Poll:MODULE_1:g2:a0:a_1\[154] = \UART_1:BUART:sRX:s23Poll:MODIN1_1\[155]
Removing Lhs of wire \UART_1:BUART:sRX:s23Poll:MODIN1_1\[155] = \UART_1:BUART:pollcount_1\[147]
Removing Lhs of wire \UART_1:BUART:sRX:s23Poll:MODULE_1:g2:a0:a_0\[156] = \UART_1:BUART:sRX:s23Poll:MODIN1_0\[157]
Removing Lhs of wire \UART_1:BUART:sRX:s23Poll:MODIN1_0\[157] = \UART_1:BUART:pollcount_0\[150]
Removing Lhs of wire \UART_1:BUART:sRX:s23Poll:MODULE_1:g2:a0:g1:z1:s0:g1:u0:c_0\[163] = one[4]
Removing Lhs of wire \UART_1:BUART:sRX:s23Poll:MODULE_1:g2:a0:g1:z1:s0:g1:u0:b_0\[164] = one[4]
Removing Lhs of wire \UART_1:BUART:sRX:s23Poll:MODULE_2:g2:a0:newa_1\[165] = \UART_1:BUART:pollcount_1\[147]
Removing Lhs of wire \UART_1:BUART:sRX:s23Poll:MODIN2_1\[166] = \UART_1:BUART:pollcount_1\[147]
Removing Lhs of wire \UART_1:BUART:sRX:s23Poll:MODULE_2:g2:a0:newa_0\[167] = \UART_1:BUART:pollcount_0\[150]
Removing Lhs of wire \UART_1:BUART:sRX:s23Poll:MODIN2_0\[168] = \UART_1:BUART:pollcount_0\[150]
Removing Lhs of wire \UART_1:BUART:sRX:s23Poll:MODULE_2:g2:a0:newb_1\[169] = zero[27]
Removing Lhs of wire \UART_1:BUART:sRX:s23Poll:MODULE_2:g2:a0:newb_0\[170] = one[4]
Removing Lhs of wire \UART_1:BUART:sRX:s23Poll:MODULE_2:g2:a0:dataa_1\[171] = \UART_1:BUART:pollcount_1\[147]
Removing Lhs of wire \UART_1:BUART:sRX:s23Poll:MODULE_2:g2:a0:dataa_0\[172] = \UART_1:BUART:pollcount_0\[150]
Removing Lhs of wire \UART_1:BUART:sRX:s23Poll:MODULE_2:g2:a0:datab_1\[173] = zero[27]
Removing Lhs of wire \UART_1:BUART:sRX:s23Poll:MODULE_2:g2:a0:datab_0\[174] = one[4]
Removing Lhs of wire \UART_1:BUART:sRX:s23Poll:MODULE_3:g2:a0:newa_1\[179] = \UART_1:BUART:pollcount_1\[147]
Removing Lhs of wire \UART_1:BUART:sRX:s23Poll:MODIN3_1\[180] = \UART_1:BUART:pollcount_1\[147]
Removing Lhs of wire \UART_1:BUART:sRX:s23Poll:MODULE_3:g2:a0:newa_0\[181] = \UART_1:BUART:pollcount_0\[150]
Removing Lhs of wire \UART_1:BUART:sRX:s23Poll:MODIN3_0\[182] = \UART_1:BUART:pollcount_0\[150]
Removing Lhs of wire \UART_1:BUART:sRX:s23Poll:MODULE_3:g2:a0:newb_1\[183] = one[4]
Removing Lhs of wire \UART_1:BUART:sRX:s23Poll:MODULE_3:g2:a0:newb_0\[184] = zero[27]
Removing Lhs of wire \UART_1:BUART:sRX:s23Poll:MODULE_3:g2:a0:dataa_1\[185] = \UART_1:BUART:pollcount_1\[147]
Removing Lhs of wire \UART_1:BUART:sRX:s23Poll:MODULE_3:g2:a0:dataa_0\[186] = \UART_1:BUART:pollcount_0\[150]
Removing Lhs of wire \UART_1:BUART:sRX:s23Poll:MODULE_3:g2:a0:datab_1\[187] = one[4]
Removing Lhs of wire \UART_1:BUART:sRX:s23Poll:MODULE_3:g2:a0:datab_0\[188] = zero[27]
Removing Lhs of wire \UART_1:BUART:rx_status_1\[195] = zero[27]
Removing Rhs of wire \UART_1:BUART:rx_status_2\[196] = \UART_1:BUART:rx_parity_error_status\[197]
Removing Rhs of wire \UART_1:BUART:rx_status_3\[198] = \UART_1:BUART:rx_stop_bit_error\[199]
Removing Lhs of wire \UART_1:BUART:sRX:cmp_vv_vv_MODGEN_4\[209] = \UART_1:BUART:sRX:MODULE_4:g2:a0:lta_0\[257]
Removing Lhs of wire \UART_1:BUART:sRX:cmp_vv_vv_MODGEN_5\[213] = \UART_1:BUART:sRX:MODULE_5:g1:a0:xneq\[279]
Removing Lhs of wire \UART_1:BUART:sRX:MODULE_4:g2:a0:newa_6\[214] = zero[27]
Removing Lhs of wire \UART_1:BUART:sRX:MODULE_4:g2:a0:newa_5\[215] = zero[27]
Removing Lhs of wire \UART_1:BUART:sRX:MODULE_4:g2:a0:newa_4\[216] = zero[27]
Removing Lhs of wire \UART_1:BUART:sRX:MODULE_4:g2:a0:newa_3\[217] = zero[27]
Removing Lhs of wire \UART_1:BUART:sRX:MODULE_4:g2:a0:newa_2\[218] = \UART_1:BUART:sRX:MODIN4_6\[219]
Removing Lhs of wire \UART_1:BUART:sRX:MODIN4_6\[219] = \UART_1:BUART:rx_count_6\[136]
Removing Lhs of wire \UART_1:BUART:sRX:MODULE_4:g2:a0:newa_1\[220] = \UART_1:BUART:sRX:MODIN4_5\[221]
Removing Lhs of wire \UART_1:BUART:sRX:MODIN4_5\[221] = \UART_1:BUART:rx_count_5\[137]
Removing Lhs of wire \UART_1:BUART:sRX:MODULE_4:g2:a0:newa_0\[222] = \UART_1:BUART:sRX:MODIN4_4\[223]
Removing Lhs of wire \UART_1:BUART:sRX:MODIN4_4\[223] = \UART_1:BUART:rx_count_4\[138]
Removing Lhs of wire \UART_1:BUART:sRX:MODULE_4:g2:a0:newb_6\[224] = zero[27]
Removing Lhs of wire \UART_1:BUART:sRX:MODULE_4:g2:a0:newb_5\[225] = zero[27]
Removing Lhs of wire \UART_1:BUART:sRX:MODULE_4:g2:a0:newb_4\[226] = zero[27]
Removing Lhs of wire \UART_1:BUART:sRX:MODULE_4:g2:a0:newb_3\[227] = zero[27]
Removing Lhs of wire \UART_1:BUART:sRX:MODULE_4:g2:a0:newb_2\[228] = one[4]
Removing Lhs of wire \UART_1:BUART:sRX:MODULE_4:g2:a0:newb_1\[229] = one[4]
Removing Lhs of wire \UART_1:BUART:sRX:MODULE_4:g2:a0:newb_0\[230] = zero[27]
Removing Lhs of wire \UART_1:BUART:sRX:MODULE_4:g2:a0:dataa_6\[231] = zero[27]
Removing Lhs of wire \UART_1:BUART:sRX:MODULE_4:g2:a0:dataa_5\[232] = zero[27]
Removing Lhs of wire \UART_1:BUART:sRX:MODULE_4:g2:a0:dataa_4\[233] = zero[27]
Removing Lhs of wire \UART_1:BUART:sRX:MODULE_4:g2:a0:dataa_3\[234] = zero[27]
Removing Lhs of wire \UART_1:BUART:sRX:MODULE_4:g2:a0:dataa_2\[235] = \UART_1:BUART:rx_count_6\[136]
Removing Lhs of wire \UART_1:BUART:sRX:MODULE_4:g2:a0:dataa_1\[236] = \UART_1:BUART:rx_count_5\[137]
Removing Lhs of wire \UART_1:BUART:sRX:MODULE_4:g2:a0:dataa_0\[237] = \UART_1:BUART:rx_count_4\[138]
Removing Lhs of wire \UART_1:BUART:sRX:MODULE_4:g2:a0:datab_6\[238] = zero[27]
Removing Lhs of wire \UART_1:BUART:sRX:MODULE_4:g2:a0:datab_5\[239] = zero[27]
Removing Lhs of wire \UART_1:BUART:sRX:MODULE_4:g2:a0:datab_4\[240] = zero[27]
Removing Lhs of wire \UART_1:BUART:sRX:MODULE_4:g2:a0:datab_3\[241] = zero[27]
Removing Lhs of wire \UART_1:BUART:sRX:MODULE_4:g2:a0:datab_2\[242] = one[4]
Removing Lhs of wire \UART_1:BUART:sRX:MODULE_4:g2:a0:datab_1\[243] = one[4]
Removing Lhs of wire \UART_1:BUART:sRX:MODULE_4:g2:a0:datab_0\[244] = zero[27]
Removing Lhs of wire \UART_1:BUART:sRX:MODULE_5:g1:a0:newa_0\[259] = \UART_1:BUART:rx_postpoll\[94]
Removing Lhs of wire \UART_1:BUART:sRX:MODULE_5:g1:a0:newb_0\[260] = \UART_1:BUART:rx_parity_bit\[212]
Removing Lhs of wire \UART_1:BUART:sRX:MODULE_5:g1:a0:dataa_0\[261] = \UART_1:BUART:rx_postpoll\[94]
Removing Lhs of wire \UART_1:BUART:sRX:MODULE_5:g1:a0:datab_0\[262] = \UART_1:BUART:rx_parity_bit\[212]
Removing Lhs of wire \UART_1:BUART:sRX:MODULE_5:g1:a0:gx:u0:a_0\[263] = \UART_1:BUART:rx_postpoll\[94]
Removing Lhs of wire \UART_1:BUART:sRX:MODULE_5:g1:a0:gx:u0:b_0\[264] = \UART_1:BUART:rx_parity_bit\[212]
Removing Lhs of wire \UART_1:BUART:sRX:MODULE_5:g1:a0:gx:u0:aeqb_0\[266] = one[4]
Removing Lhs of wire \UART_1:BUART:sRX:MODULE_5:g1:a0:gx:u0:eq_0\[267] = \UART_1:BUART:sRX:MODULE_5:g1:a0:gx:u0:xnor_array_0\[265]
Removing Lhs of wire \UART_1:BUART:sRX:MODULE_5:g1:a0:gx:u0:eqi_0\[268] = \UART_1:BUART:sRX:MODULE_5:g1:a0:gx:u0:xnor_array_0\[265]
Removing Lhs of wire tmpOE__Rx_1_net_0[290] = one[4]
Removing Lhs of wire tmpOE__Tx_1_net_0[295] = one[4]
Removing Lhs of wire tmpOE__Vout_1_net_0[308] = one[4]
Removing Lhs of wire tmpOE__INVERSOR_1_net_0[314] = one[4]
Removing Lhs of wire tmpOE__SENSOR_1_net_0[321] = one[4]
Removing Lhs of wire tmpOE__Vout_2_net_0[332] = one[4]
Removing Lhs of wire tmpOE__SENSOR_2_net_0[338] = one[4]
Removing Lhs of wire tmpOE__INVERSOR_3_net_0[344] = one[4]
Removing Lhs of wire tmpOE__SENSOR_3_net_0[351] = one[4]
Removing Lhs of wire tmpOE__Vout_3_net_0[358] = one[4]
Removing Lhs of wire tmpOE__DIGITOS_net_3[365] = one[4]
Removing Lhs of wire tmpOE__DIGITOS_net_2[366] = one[4]
Removing Lhs of wire tmpOE__DIGITOS_net_1[367] = one[4]
Removing Lhs of wire tmpOE__DIGITOS_net_0[368] = one[4]
Removing Lhs of wire tmpOE__INVERSOR_2_net_0[383] = one[4]
Removing Lhs of wire tmpOE__BOTONES_net_1[390] = one[4]
Removing Lhs of wire tmpOE__BOTONES_net_0[391] = one[4]
Removing Rhs of wire Net_157[399] = \Debouncer_1:DEBOUNCER[0]:d_sync_0\[479]
Removing Rhs of wire Net_185[401] = \Debouncer_2:DEBOUNCER[0]:d_sync_0\[486]
Removing Lhs of wire tmpOE__LED_MSB_net_0[403] = one[4]
Removing Lhs of wire tmpOE__BOTON_net_0[409] = one[4]
Removing Rhs of wire Net_154[418] = \Timer_1:Net_57\[425]
Removing Lhs of wire Net_12[419] = zero[27]
Removing Lhs of wire \Timer_1:Net_260\[421] = zero[27]
Removing Lhs of wire \Timer_1:Net_266\[422] = one[4]
Removing Lhs of wire \Timer_1:Net_102\[427] = one[4]
Removing Lhs of wire tmpOE__SS_A_net_0[429] = one[4]
Removing Lhs of wire tmpOE__SS_B_net_0[435] = one[4]
Removing Lhs of wire tmpOE__SS_C_net_0[441] = one[4]
Removing Lhs of wire tmpOE__SS_D_net_0[447] = one[4]
Removing Lhs of wire tmpOE__SS_E_net_0[453] = one[4]
Removing Lhs of wire tmpOE__SS_F_net_0[459] = one[4]
Removing Lhs of wire tmpOE__SS_G_net_0[465] = one[4]
Removing Lhs of wire tmpOE__SS_P_net_0[471] = one[4]
Removing Lhs of wire tmpOE__LED_LSB_net_0[493] = one[4]
Removing Lhs of wire \UART_1:BUART:reset_reg\\D\[498] = zero[27]
Removing Lhs of wire \UART_1:BUART:rx_parity_error_pre\\D\[523] = \UART_1:BUART:rx_parity_error_pre\[207]
Removing Lhs of wire \UART_1:BUART:rx_break_status\\D\[524] = zero[27]
Removing Lhs of wire \Debouncer_1:DEBOUNCER[0]:d_sync_0\\D\[528] = Net_155[393]
Removing Lhs of wire \Debouncer_1:DEBOUNCER[0]:d_sync_1\\D\[529] = Net_157[399]
Removing Lhs of wire \Debouncer_2:DEBOUNCER[0]:d_sync_0\\D\[533] = Net_180[392]
Removing Lhs of wire \Debouncer_2:DEBOUNCER[0]:d_sync_1\\D\[534] = Net_185[401]

------------------------------------------------------
Aliased 0 equations, 136 wires.
------------------------------------------------------

----------------------------------------------------------
Circuit simplification
----------------------------------------------------------

Substituting virtuals - pass 1:

Note:  Expanding virtual equation for 'one' (cost = 0):
one <=  ('1') ;

Note:  Expanding virtual equation for 'zero' (cost = 0):
zero <=  ('0') ;

Note:  Expanding virtual equation for '\UART_1:BUART:rx_addressmatch\' (cost = 0):
\UART_1:BUART:rx_addressmatch\ <= (\UART_1:BUART:rx_addressmatch2\
	OR \UART_1:BUART:rx_addressmatch1\);

Note:  Expanding virtual equation for '\UART_1:BUART:rx_bitclk_pre\' (cost = 2):
\UART_1:BUART:rx_bitclk_pre\ <= ((not \UART_1:BUART:rx_count_3\ and not \UART_1:BUART:rx_count_2\ and not \UART_1:BUART:rx_count_1\ and not \UART_1:BUART:rx_count_0\));

Note:  Expanding virtual equation for '\UART_1:BUART:rx_bitclk_pre16x\' (cost = 2):
\UART_1:BUART:rx_bitclk_pre16x\ <= ((not \UART_1:BUART:rx_count_3\ and \UART_1:BUART:rx_count_2\ and \UART_1:BUART:rx_count_1\ and \UART_1:BUART:rx_count_0\));

Note:  Expanding virtual equation for '\UART_1:BUART:rx_poll_bit1\' (cost = 2):
\UART_1:BUART:rx_poll_bit1\ <= ((not \UART_1:BUART:rx_count_3\ and not \UART_1:BUART:rx_count_2\ and not \UART_1:BUART:rx_count_1\ and not \UART_1:BUART:rx_count7_bit8_wire\ and \UART_1:BUART:rx_count_0\)
	OR (not \UART_1:BUART:rx_count_2\ and not \UART_1:BUART:rx_count_1\ and not \UART_1:BUART:rx_count_0\ and \UART_1:BUART:rx_count_3\ and \UART_1:BUART:rx_count7_bit8_wire\));

Note:  Expanding virtual equation for '\UART_1:BUART:rx_poll_bit2\' (cost = 2):
\UART_1:BUART:rx_poll_bit2\ <= ((not \UART_1:BUART:rx_count_3\ and not \UART_1:BUART:rx_count_2\ and not \UART_1:BUART:rx_count_1\ and not \UART_1:BUART:rx_count_0\ and not \UART_1:BUART:rx_count7_bit8_wire\)
	OR (not \UART_1:BUART:rx_count_3\ and \UART_1:BUART:rx_count_2\ and \UART_1:BUART:rx_count_1\ and \UART_1:BUART:rx_count_0\ and \UART_1:BUART:rx_count7_bit8_wire\));

Note:  Expanding virtual equation for '\UART_1:BUART:pollingrange\' (cost = 24):
\UART_1:BUART:pollingrange\ <= ((not \UART_1:BUART:rx_count_3\ and not \UART_1:BUART:rx_count_2\ and not \UART_1:BUART:rx_count_1\ and not \UART_1:BUART:rx_count7_bit8_wire\)
	OR (not \UART_1:BUART:rx_count_3\ and \UART_1:BUART:rx_count_2\ and \UART_1:BUART:rx_count_1\ and \UART_1:BUART:rx_count_0\ and \UART_1:BUART:rx_count7_bit8_wire\)
	OR (not \UART_1:BUART:rx_count_2\ and not \UART_1:BUART:rx_count_1\ and not \UART_1:BUART:rx_count_0\ and \UART_1:BUART:rx_count_3\ and \UART_1:BUART:rx_count7_bit8_wire\));

Note:  Expanding virtual equation for '\UART_1:BUART:sRX:s23Poll:MODULE_1:g2:a0:g1:z1:s0:g1:u0:c_1\' (cost = 0):
\UART_1:BUART:sRX:s23Poll:MODULE_1:g2:a0:g1:z1:s0:g1:u0:c_1\ <= (\UART_1:BUART:pollcount_0\);

Note:  Expanding virtual equation for '\UART_1:BUART:sRX:s23Poll:MODULE_1:g2:a0:s_0\' (cost = 0):
\UART_1:BUART:sRX:s23Poll:MODULE_1:g2:a0:s_0\ <= (not \UART_1:BUART:pollcount_0\);

Note:  Expanding virtual equation for '\UART_1:BUART:sRX:s23Poll:MODULE_2:g2:a0:lta_1\' (cost = 0):
\UART_1:BUART:sRX:s23Poll:MODULE_2:g2:a0:lta_1\ <=  ('0') ;

Note:  Expanding virtual equation for '\UART_1:BUART:sRX:s23Poll:MODULE_2:g2:a0:gta_1\' (cost = 0):
\UART_1:BUART:sRX:s23Poll:MODULE_2:g2:a0:gta_1\ <= (\UART_1:BUART:pollcount_1\);

Note:  Expanding virtual equation for '\UART_1:BUART:sRX:s23Poll:MODULE_3:g2:a0:lta_1\' (cost = 0):
\UART_1:BUART:sRX:s23Poll:MODULE_3:g2:a0:lta_1\ <= (not \UART_1:BUART:pollcount_1\);

Note:  Expanding virtual equation for '\UART_1:BUART:sRX:s23Poll:MODULE_3:g2:a0:gta_1\' (cost = 0):
\UART_1:BUART:sRX:s23Poll:MODULE_3:g2:a0:gta_1\ <=  ('0') ;

Note:  Expanding virtual equation for '\UART_1:BUART:sRX:MODULE_4:g2:a0:lta_6\' (cost = 0):
\UART_1:BUART:sRX:MODULE_4:g2:a0:lta_6\ <=  ('0') ;

Note:  Expanding virtual equation for '\UART_1:BUART:sRX:MODULE_4:g2:a0:gta_6\' (cost = 0):
\UART_1:BUART:sRX:MODULE_4:g2:a0:gta_6\ <=  ('0') ;

Note:  Expanding virtual equation for '\UART_1:BUART:sRX:MODULE_4:g2:a0:lta_5\' (cost = 0):
\UART_1:BUART:sRX:MODULE_4:g2:a0:lta_5\ <=  ('0') ;

Note:  Expanding virtual equation for '\UART_1:BUART:sRX:MODULE_4:g2:a0:gta_5\' (cost = 0):
\UART_1:BUART:sRX:MODULE_4:g2:a0:gta_5\ <=  ('0') ;

Note:  Expanding virtual equation for '\UART_1:BUART:sRX:MODULE_4:g2:a0:lta_4\' (cost = 0):
\UART_1:BUART:sRX:MODULE_4:g2:a0:lta_4\ <=  ('0') ;

Note:  Expanding virtual equation for '\UART_1:BUART:sRX:MODULE_4:g2:a0:gta_4\' (cost = 0):
\UART_1:BUART:sRX:MODULE_4:g2:a0:gta_4\ <=  ('0') ;

Note:  Expanding virtual equation for '\UART_1:BUART:sRX:MODULE_4:g2:a0:lta_3\' (cost = 0):
\UART_1:BUART:sRX:MODULE_4:g2:a0:lta_3\ <=  ('0') ;

Note:  Expanding virtual equation for '\UART_1:BUART:sRX:MODULE_4:g2:a0:gta_3\' (cost = 0):
\UART_1:BUART:sRX:MODULE_4:g2:a0:gta_3\ <=  ('0') ;

Note:  Expanding virtual equation for '\UART_1:BUART:sRX:MODULE_4:g2:a0:lta_2\' (cost = 0):
\UART_1:BUART:sRX:MODULE_4:g2:a0:lta_2\ <= (not \UART_1:BUART:rx_count_6\);

Note:  Expanding virtual equation for '\UART_1:BUART:sRX:MODULE_4:g2:a0:gta_2\' (cost = 0):
\UART_1:BUART:sRX:MODULE_4:g2:a0:gta_2\ <=  ('0') ;

Note:  Expanding virtual equation for '\UART_1:BUART:sRX:MODULE_4:g2:a0:lta_1\' (cost = 2):
\UART_1:BUART:sRX:MODULE_4:g2:a0:lta_1\ <= (not \UART_1:BUART:rx_count_5\
	OR not \UART_1:BUART:rx_count_6\);

Note:  Expanding virtual equation for '\UART_1:BUART:sRX:MODULE_4:g2:a0:gta_1\' (cost = 0):
\UART_1:BUART:sRX:MODULE_4:g2:a0:gta_1\ <=  ('0') ;

Note:  Expanding virtual equation for '\UART_1:BUART:sRX:MODULE_4:g2:a0:lta_0\' (cost = 7):
\UART_1:BUART:sRX:MODULE_4:g2:a0:lta_0\ <= (not \UART_1:BUART:rx_count_5\
	OR not \UART_1:BUART:rx_count_6\);


Substituting virtuals - pass 2:

Note:  Expanding virtual equation for '\UART_1:BUART:sRX:s23Poll:MODULE_2:g2:a0:lta_0\' (cost = 4):
\UART_1:BUART:sRX:s23Poll:MODULE_2:g2:a0:lta_0\ <= ((not \UART_1:BUART:pollcount_1\ and not \UART_1:BUART:pollcount_0\));

Note:  Expanding virtual equation for '\UART_1:BUART:sRX:s23Poll:MODULE_3:g2:a0:lta_0\' (cost = 0):
\UART_1:BUART:sRX:s23Poll:MODULE_3:g2:a0:lta_0\ <= (not \UART_1:BUART:pollcount_1\);

Note:  Expanding virtual equation for '\UART_1:BUART:sRX:s23Poll:MODULE_1:g2:a0:s_1\' (cost = 6):
\UART_1:BUART:sRX:s23Poll:MODULE_1:g2:a0:s_1\ <= ((not \UART_1:BUART:pollcount_0\ and \UART_1:BUART:pollcount_1\)
	OR (not \UART_1:BUART:pollcount_1\ and \UART_1:BUART:pollcount_0\));


Substituting virtuals - pass 3:

Note:  Expanding virtual equation for '\UART_1:BUART:rx_postpoll\' (cost = 72):
\UART_1:BUART:rx_postpoll\ <= (\UART_1:BUART:pollcount_1\
	OR (Net_5 and \UART_1:BUART:pollcount_0\));

Note:  Expanding virtual equation for '\UART_1:BUART:sRX:MODULE_5:g1:a0:gx:u0:xnor_array_0\' (cost = 4):
\UART_1:BUART:sRX:MODULE_5:g1:a0:gx:u0:xnor_array_0\ <= ((not \UART_1:BUART:pollcount_1\ and not Net_5 and not \UART_1:BUART:rx_parity_bit\)
	OR (not \UART_1:BUART:pollcount_1\ and not \UART_1:BUART:pollcount_0\ and not \UART_1:BUART:rx_parity_bit\)
	OR (\UART_1:BUART:pollcount_1\ and \UART_1:BUART:rx_parity_bit\)
	OR (Net_5 and \UART_1:BUART:pollcount_0\ and \UART_1:BUART:rx_parity_bit\));

Note:  Expanding virtual equation for '\UART_1:BUART:sRX:MODULE_5:g1:a0:gx:u0:aeqb_1\' (cost = 4):
\UART_1:BUART:sRX:MODULE_5:g1:a0:gx:u0:aeqb_1\ <= ((not \UART_1:BUART:pollcount_1\ and not Net_5 and not \UART_1:BUART:rx_parity_bit\)
	OR (not \UART_1:BUART:pollcount_1\ and not \UART_1:BUART:pollcount_0\ and not \UART_1:BUART:rx_parity_bit\)
	OR (\UART_1:BUART:pollcount_1\ and \UART_1:BUART:rx_parity_bit\)
	OR (Net_5 and \UART_1:BUART:pollcount_0\ and \UART_1:BUART:rx_parity_bit\));


Substituting virtuals - pass 4:


----------------------------------------------------------
Circuit simplification results:

	Expanded 33 signals.
	Turned 0 signals into soft nodes.
	Maximum default expansion cost was set at 3.
----------------------------------------------------------

------------------------------------------------------
Alias Detection
------------------------------------------------------
Aliasing \UART_1:BUART:rx_status_0\ to zero
Aliasing \UART_1:BUART:rx_status_6\ to zero
Aliasing \UART_1:BUART:rx_markspace_status\\D\ to zero
Aliasing \UART_1:BUART:rx_parity_error_status\\D\ to zero
Aliasing \UART_1:BUART:rx_addr_match_status\\D\ to zero
Removing Rhs of wire \UART_1:BUART:rx_bitclk_enable\[93] = \UART_1:BUART:rx_bitclk\[142]
Removing Lhs of wire \UART_1:BUART:rx_status_0\[193] = zero[27]
Removing Lhs of wire \UART_1:BUART:rx_status_6\[202] = zero[27]
Removing Lhs of wire \UART_1:BUART:tx_ctrl_mark_last\\D\[505] = \UART_1:BUART:tx_ctrl_mark_last\[84]
Removing Lhs of wire \UART_1:BUART:rx_markspace_status\\D\[518] = zero[27]
Removing Lhs of wire \UART_1:BUART:rx_parity_error_status\\D\[519] = zero[27]
Removing Lhs of wire \UART_1:BUART:rx_addr_match_status\\D\[521] = zero[27]
Removing Lhs of wire \UART_1:BUART:rx_markspace_pre\\D\[522] = \UART_1:BUART:rx_markspace_pre\[206]
Removing Lhs of wire \UART_1:BUART:rx_parity_bit\\D\[527] = \UART_1:BUART:rx_parity_bit\[212]

------------------------------------------------------
Aliased 0 equations, 9 wires.
------------------------------------------------------

----------------------------------------------------------
Circuit simplification
----------------------------------------------------------

Eliminating unused logic - pass 1:

Note:  Deleted unused equation:
\UART_1:BUART:sRX:MODULE_5:g1:a0:xneq\ <= ((not \UART_1:BUART:rx_parity_bit\ and Net_5 and \UART_1:BUART:pollcount_0\)
	OR (not \UART_1:BUART:pollcount_1\ and not \UART_1:BUART:pollcount_0\ and \UART_1:BUART:rx_parity_bit\)
	OR (not \UART_1:BUART:pollcount_1\ and not Net_5 and \UART_1:BUART:rx_parity_bit\)
	OR (not \UART_1:BUART:rx_parity_bit\ and \UART_1:BUART:pollcount_1\));


Eliminating unused logic - pass 2:


Substituting virtuals - pass 1:


----------------------------------------------------------
Circuit simplification results:

	Expanded 0 signals.
	Turned 0 signals into soft nodes.
	Maximum default expansion cost was set at 3.
----------------------------------------------------------

topld:  No errors.

CYPRESS_DIR    : C:\Program Files (x86)\Cypress\PSoC Creator\4.4\PSoC Creator\warp
Warp Program   : C:\Program Files (x86)\Cypress\PSoC Creator\4.4\PSoC Creator\warp\bin\warp.exe
Warp Arguments : -yv2 -q10 -ygs -o2 -v3 -.fftcfgtype=LE -ya -.fftprj=C:\Users\Alessandro\Downloads\V13\Design01.cydsn\Design01.cyprj -dcpsoc3 Design01.v -verilog
</CYPRESSTAG>
Warp synthesis phase: Elapsed time ==> 3s.068ms
<CYPRESSTAG name="Fitter results...">
<CYPRESSTAG name="Fitter startup details...">
cyp3fit: V4.4.0.80, Family: PSoC3, Started at: Monday, 26 August 2024 00:07:22
Options: -yv2 -q10 -ygs -o2 -v3 -.fftcfgtype=LE -ya -.fftprj=C:\Users\Alessandro\Downloads\V13\Design01.cydsn\Design01.cyprj -d CY8C5888LTQ-LP097 Design01.v -verilog
</CYPRESSTAG>
<CYPRESSTAG name="Design parsing">
Design parsing phase: Elapsed time ==> 0s.031ms
</CYPRESSTAG>
<CYPRESSTAG name="Tech Mapping">
<CYPRESSTAG name="Initial Mapping" icon="FILE_RPT_TECHM">
    Converted constant MacroCell: \UART_1:BUART:reset_reg\ from registered to combinatorial
    Converted constant MacroCell: \UART_1:BUART:rx_markspace_status\ from registered to combinatorial
    Converted constant MacroCell: \UART_1:BUART:rx_status_2\ from registered to combinatorial
    Converted constant MacroCell: \UART_1:BUART:rx_addr_match_status\ from registered to combinatorial
    Converted constant MacroCell: \UART_1:BUART:rx_break_status\ from registered to combinatorial
<CYPRESSTAG name="Global Clock Selection" icon="FILE_RPT_TECHM">
    Digital Clock 0: Automatic-assigning  clock 'UART_1_IntClock'. Fanout=1, Signal=\UART_1:Net_9\
    Digital Clock 1: Automatic-assigning  clock 'Clock_1'. Fanout=1, Signal=Net_10
    Digital Clock 2: Automatic-assigning  clock 'Clock_2'. Fanout=2, Signal=Net_179
</CYPRESSTAG>

Removing unused cells resulting from optimization
Done removing unused cells.
<CYPRESSTAG name="UDB Clock/Enable Remapping Results">
    UDB Clk/Enable \UART_1:BUART:ClkSync\: with output requested to be synchronous
        ClockIn: UART_1_IntClock was determined to be a global clock that is synchronous to BUS_CLK
        EnableIn: Constant 1 was determined to be synchronous to ClockIn
        ClockOut: UART_1_IntClock, EnableOut: Constant 1
    UDB Clk/Enable \Debouncer_1:ClkSync\: with output requested to be synchronous
        ClockIn: Clock_2 was determined to be a global clock that is synchronous to BUS_CLK
        EnableIn: Constant 1 was determined to be synchronous to ClockIn
        ClockOut: Clock_2, EnableOut: Constant 1
    UDB Clk/Enable \Debouncer_2:ClkSync\: with output requested to be synchronous
        ClockIn: Clock_2 was determined to be a global clock that is synchronous to BUS_CLK
        EnableIn: Constant 1 was determined to be synchronous to ClockIn
        ClockOut: Clock_2, EnableOut: Constant 1
</CYPRESSTAG>

Removing unused cells resulting from optimization
Done removing unused cells.
<CYPRESSTAG name="Duplicate Macrocell detection">
</CYPRESSTAG>
</CYPRESSTAG>
<CYPRESSTAG name="Duplicate Macrocell detection">

Removing duplicate macrocells
    Removing \UART_1:BUART:rx_parity_bit\, Duplicate of \UART_1:BUART:tx_ctrl_mark_last\ 
    MacroCell: Name=\UART_1:BUART:rx_parity_bit\, Mode=(T-Register)
        Total # of inputs        : 0
        Total # of product terms : 0
        List of special equations: 
            Clock  = (\UART_1:Net_9\) => Global
            Clock Enable: True
        Main Equation            : 0 pterms
        (
            0
        );
        Output = \UART_1:BUART:rx_parity_bit\ (fanout=0)

    Removing \UART_1:BUART:rx_address_detected\, Duplicate of \UART_1:BUART:tx_ctrl_mark_last\ 
    MacroCell: Name=\UART_1:BUART:rx_address_detected\, Mode=(T-Register)
        Total # of inputs        : 0
        Total # of product terms : 0
        List of special equations: 
            Clock  = (\UART_1:Net_9\) => Global
            Clock Enable: True
        Main Equation            : 0 pterms
        (
            0
        );
        Output = \UART_1:BUART:rx_address_detected\ (fanout=0)

    Removing \UART_1:BUART:rx_parity_error_pre\, Duplicate of \UART_1:BUART:tx_ctrl_mark_last\ 
    MacroCell: Name=\UART_1:BUART:rx_parity_error_pre\, Mode=(T-Register)
        Total # of inputs        : 0
        Total # of product terms : 0
        List of special equations: 
            Clock  = (\UART_1:Net_9\) => Global
            Clock Enable: True
        Main Equation            : 0 pterms
        (
            0
        );
        Output = \UART_1:BUART:rx_parity_error_pre\ (fanout=0)

    Removing \UART_1:BUART:rx_markspace_pre\, Duplicate of \UART_1:BUART:tx_ctrl_mark_last\ 
    MacroCell: Name=\UART_1:BUART:rx_markspace_pre\, Mode=(T-Register)
        Total # of inputs        : 0
        Total # of product terms : 0
        List of special equations: 
            Clock  = (\UART_1:Net_9\) => Global
            Clock Enable: True
        Main Equation            : 0 pterms
        (
            0
        );
        Output = \UART_1:BUART:rx_markspace_pre\ (fanout=0)

    Removing \UART_1:BUART:rx_state_1\, Duplicate of \UART_1:BUART:tx_ctrl_mark_last\ 
    MacroCell: Name=\UART_1:BUART:rx_state_1\, Mode=(T-Register)
        Total # of inputs        : 0
        Total # of product terms : 0
        List of special equations: 
            Clock  = (\UART_1:Net_9\) => Global
            Clock Enable: True
        Main Equation            : 0 pterms
        (
            0
        );
        Output = \UART_1:BUART:rx_state_1\ (fanout=9)

    Removing \UART_1:BUART:tx_parity_bit\, Duplicate of \UART_1:BUART:tx_ctrl_mark_last\ 
    MacroCell: Name=\UART_1:BUART:tx_parity_bit\, Mode=(T-Register)
        Total # of inputs        : 0
        Total # of product terms : 0
        List of special equations: 
            Clock  = (\UART_1:Net_9\) => Global
            Clock Enable: True
        Main Equation            : 0 pterms
        (
            0
        );
        Output = \UART_1:BUART:tx_parity_bit\ (fanout=0)

    Removing \UART_1:BUART:tx_mark\, Duplicate of \UART_1:BUART:tx_ctrl_mark_last\ 
    MacroCell: Name=\UART_1:BUART:tx_mark\, Mode=(T-Register)
        Total # of inputs        : 0
        Total # of product terms : 0
        List of special equations: 
            Clock  = (\UART_1:Net_9\) => Global
            Clock Enable: True
        Main Equation            : 0 pterms
        (
            0
        );
        Output = \UART_1:BUART:tx_mark\ (fanout=0)

End removing duplicate macrocells: used 1 pass
</CYPRESSTAG>
<CYPRESSTAG name="Design Equations" icon="FILE_RPT_EQUATION">

------------------------------------------------------------
Design Equations
------------------------------------------------------------
    <CYPRESSTAG name="Pin listing">

    ------------------------------------------------------------
    Pin listing
    ------------------------------------------------------------

    Pin : Name = Rx_1(0)
        Attributes:
            In Group/Port: True
            In Sync Option: SYNC
            Out Sync Option: AUTO
            Interrupt generated: False
            Interrupt mode: NONE
            Drive mode: HI_Z_DIGITAL
            VTrip: CMOS
            Slew: FAST
            Input Sync needed: True
            Output Sync needed: False
            SC shield enabled: False
            POR State: ANY
            LCD Mode: COMMON
            Register Mode: RegComb
            CaSense Mode: NEITHER
            Treat as pin: True
            Is OE Registered: False
            Uses Analog: False
            Can contain Digital: True
            Is SIO: False
            SIO Output Buf: NONREGULATED
            SIO Input Buf: SINGLE_ENDED
            SIO HiFreq: LOW
            SIO Hyst: DISABLED
            SIO Vtrip: MULTIPLIER_0_5
            SIO Multiplier Index: 0
            SIO RefSel: VCC_IO
            Required Capabilities: DIGITAL, ROUTABLE
            Initial Value: 0
            IO Voltage: 0
        PORT MAP (
            pa_out => Rx_1(0)__PA ,
            fb => Net_5 ,
            pad => Rx_1(0)_PAD );
        Properties:
        {
        }

    Pin : Name = Tx_1(0)
        Attributes:
            In Group/Port: True
            In Sync Option: AUTO
            Out Sync Option: NOSYNC
            Interrupt generated: False
            Interrupt mode: NONE
            Drive mode: CMOS_OUT
            VTrip: EITHER
            Slew: FAST
            Input Sync needed: False
            Output Sync needed: False
            SC shield enabled: False
            POR State: ANY
            LCD Mode: COMMON
            Register Mode: RegComb
            CaSense Mode: NEITHER
            Treat as pin: True
            Is OE Registered: False
            Uses Analog: False
            Can contain Digital: True
            Is SIO: False
            SIO Output Buf: NONREGULATED
            SIO Input Buf: SINGLE_ENDED
            SIO HiFreq: LOW
            SIO Hyst: DISABLED
            SIO Vtrip: MULTIPLIER_0_5
            SIO Multiplier Index: 0
            SIO RefSel: VCC_IO
            Required Capabilities: DIGITAL, ROUTABLE
            Initial Value: 1
            IO Voltage: 0
        PORT MAP (
            pa_out => Tx_1(0)__PA ,
            pin_input => Net_9 ,
            pad => Tx_1(0)_PAD );
        Properties:
        {
        }

    Pin : Name = Vout_1(0)
        Attributes:
            In Group/Port: True
            In Sync Option: AUTO
            Out Sync Option: AUTO
            Interrupt generated: False
            Interrupt mode: NONE
            Drive mode: HI_Z_ANALOG
            VTrip: EITHER
            Slew: FAST
            Input Sync needed: False
            Output Sync needed: False
            SC shield enabled: False
            POR State: ANY
            LCD Mode: COMMON
            Register Mode: RegComb
            CaSense Mode: NEITHER
            Treat as pin: True
            Is OE Registered: False
            Uses Analog: True
            Can contain Digital: False
            Is SIO: False
            SIO Output Buf: NONREGULATED
            SIO Input Buf: SINGLE_ENDED
            SIO HiFreq: LOW
            SIO Hyst: DISABLED
            SIO Vtrip: MULTIPLIER_0_5
            SIO Multiplier Index: 0
            SIO RefSel: VCC_IO
            Required Capabilities: ANALOG
            Initial Value: 0
            IO Voltage: 0
        PORT MAP (
            pa_out => Vout_1(0)__PA ,
            analog_term => Net_88 ,
            pad => Vout_1(0)_PAD );
        Properties:
        {
        }

    Pin : Name = INVERSOR_1(0)
        Attributes:
            In Group/Port: True
            In Sync Option: AUTO
            Out Sync Option: AUTO
            Interrupt generated: False
            Interrupt mode: NONE
            Drive mode: HI_Z_ANALOG
            VTrip: EITHER
            Slew: FAST
            Input Sync needed: False
            Output Sync needed: False
            SC shield enabled: False
            POR State: ANY
            LCD Mode: COMMON
            Register Mode: RegComb
            CaSense Mode: NEITHER
            Treat as pin: True
            Is OE Registered: False
            Uses Analog: True
            Can contain Digital: False
            Is SIO: False
            SIO Output Buf: NONREGULATED
            SIO Input Buf: SINGLE_ENDED
            SIO HiFreq: LOW
            SIO Hyst: DISABLED
            SIO Vtrip: MULTIPLIER_0_5
            SIO Multiplier Index: 0
            SIO RefSel: VCC_IO
            Required Capabilities: ANALOG
            Initial Value: 0
            IO Voltage: 0
        PORT MAP (
            pa_out => INVERSOR_1(0)__PA ,
            pad => INVERSOR_1(0)_PAD );
        Properties:
        {
        }

    Pin : Name = SENSOR_1(0)
        Attributes:
            In Group/Port: True
            In Sync Option: AUTO
            Out Sync Option: AUTO
            Interrupt generated: False
            Interrupt mode: NONE
            Drive mode: HI_Z_ANALOG
            VTrip: EITHER
            Slew: FAST
            Input Sync needed: False
            Output Sync needed: False
            SC shield enabled: False
            POR State: ANY
            LCD Mode: COMMON
            Register Mode: RegComb
            CaSense Mode: NEITHER
            Treat as pin: True
            Is OE Registered: False
            Uses Analog: True
            Can contain Digital: False
            Is SIO: False
            SIO Output Buf: NONREGULATED
            SIO Input Buf: SINGLE_ENDED
            SIO HiFreq: LOW
            SIO Hyst: DISABLED
            SIO Vtrip: MULTIPLIER_0_5
            SIO Multiplier Index: 0
            SIO RefSel: VCC_IO
            Required Capabilities: ANALOG
            Initial Value: 0
            IO Voltage: 0
        PORT MAP (
            pa_out => SENSOR_1(0)__PA ,
            analog_term => Net_29 ,
            pad => SENSOR_1(0)_PAD );
        Properties:
        {
        }

    Pin : Name = Vout_2(0)
        Attributes:
            In Group/Port: True
            In Sync Option: AUTO
            Out Sync Option: AUTO
            Interrupt generated: False
            Interrupt mode: NONE
            Drive mode: HI_Z_ANALOG
            VTrip: EITHER
            Slew: FAST
            Input Sync needed: False
            Output Sync needed: False
            SC shield enabled: False
            POR State: ANY
            LCD Mode: COMMON
            Register Mode: RegComb
            CaSense Mode: NEITHER
            Treat as pin: True
            Is OE Registered: False
            Uses Analog: True
            Can contain Digital: False
            Is SIO: False
            SIO Output Buf: NONREGULATED
            SIO Input Buf: SINGLE_ENDED
            SIO HiFreq: LOW
            SIO Hyst: DISABLED
            SIO Vtrip: MULTIPLIER_0_5
            SIO Multiplier Index: 0
            SIO RefSel: VCC_IO
            Required Capabilities: ANALOG
            Initial Value: 0
            IO Voltage: 0
        PORT MAP (
            pa_out => Vout_2(0)__PA ,
            analog_term => Net_69 ,
            pad => Vout_2(0)_PAD );
        Properties:
        {
        }

    Pin : Name = SENSOR_2(0)
        Attributes:
            In Group/Port: True
            In Sync Option: AUTO
            Out Sync Option: AUTO
            Interrupt generated: False
            Interrupt mode: NONE
            Drive mode: HI_Z_ANALOG
            VTrip: EITHER
            Slew: FAST
            Input Sync needed: False
            Output Sync needed: False
            SC shield enabled: False
            POR State: ANY
            LCD Mode: COMMON
            Register Mode: RegComb
            CaSense Mode: NEITHER
            Treat as pin: True
            Is OE Registered: False
            Uses Analog: True
            Can contain Digital: False
            Is SIO: False
            SIO Output Buf: NONREGULATED
            SIO Input Buf: SINGLE_ENDED
            SIO HiFreq: LOW
            SIO Hyst: DISABLED
            SIO Vtrip: MULTIPLIER_0_5
            SIO Multiplier Index: 0
            SIO RefSel: VCC_IO
            Required Capabilities: ANALOG
            Initial Value: 0
            IO Voltage: 0
        PORT MAP (
            pa_out => SENSOR_2(0)__PA ,
            analog_term => Net_70 ,
            pad => SENSOR_2(0)_PAD );
        Properties:
        {
        }

    Pin : Name = INVERSOR_3(0)
        Attributes:
            In Group/Port: True
            In Sync Option: AUTO
            Out Sync Option: AUTO
            Interrupt generated: False
            Interrupt mode: NONE
            Drive mode: HI_Z_ANALOG
            VTrip: EITHER
            Slew: FAST
            Input Sync needed: False
            Output Sync needed: False
            SC shield enabled: False
            POR State: ANY
            LCD Mode: COMMON
            Register Mode: RegComb
            CaSense Mode: NEITHER
            Treat as pin: True
            Is OE Registered: False
            Uses Analog: True
            Can contain Digital: False
            Is SIO: False
            SIO Output Buf: NONREGULATED
            SIO Input Buf: SINGLE_ENDED
            SIO HiFreq: LOW
            SIO Hyst: DISABLED
            SIO Vtrip: MULTIPLIER_0_5
            SIO Multiplier Index: 0
            SIO RefSel: VCC_IO
            Required Capabilities: ANALOG
            Initial Value: 0
            IO Voltage: 0
        PORT MAP (
            pa_out => INVERSOR_3(0)__PA ,
            pad => INVERSOR_3(0)_PAD );
        Properties:
        {
        }

    Pin : Name = SENSOR_3(0)
        Attributes:
            In Group/Port: True
            In Sync Option: AUTO
            Out Sync Option: AUTO
            Interrupt generated: False
            Interrupt mode: NONE
            Drive mode: HI_Z_ANALOG
            VTrip: EITHER
            Slew: FAST
            Input Sync needed: False
            Output Sync needed: False
            SC shield enabled: False
            POR State: ANY
            LCD Mode: COMMON
            Register Mode: RegComb
            CaSense Mode: NEITHER
            Treat as pin: True
            Is OE Registered: False
            Uses Analog: True
            Can contain Digital: False
            Is SIO: False
            SIO Output Buf: NONREGULATED
            SIO Input Buf: SINGLE_ENDED
            SIO HiFreq: LOW
            SIO Hyst: DISABLED
            SIO Vtrip: MULTIPLIER_0_5
            SIO Multiplier Index: 0
            SIO RefSel: VCC_IO
            Required Capabilities: ANALOG
            Initial Value: 0
            IO Voltage: 0
        PORT MAP (
            pa_out => SENSOR_3(0)__PA ,
            analog_term => Net_74 ,
            pad => SENSOR_3(0)_PAD );
        Properties:
        {
        }

    Pin : Name = Vout_3(0)
        Attributes:
            In Group/Port: True
            In Sync Option: AUTO
            Out Sync Option: AUTO
            Interrupt generated: False
            Interrupt mode: NONE
            Drive mode: HI_Z_ANALOG
            VTrip: EITHER
            Slew: FAST
            Input Sync needed: False
            Output Sync needed: False
            SC shield enabled: False
            POR State: ANY
            LCD Mode: COMMON
            Register Mode: RegComb
            CaSense Mode: NEITHER
            Treat as pin: True
            Is OE Registered: False
            Uses Analog: True
            Can contain Digital: False
            Is SIO: False
            SIO Output Buf: NONREGULATED
            SIO Input Buf: SINGLE_ENDED
            SIO HiFreq: LOW
            SIO Hyst: DISABLED
            SIO Vtrip: MULTIPLIER_0_5
            SIO Multiplier Index: 0
            SIO RefSel: VCC_IO
            Required Capabilities: ANALOG
            Initial Value: 0
            IO Voltage: 0
        PORT MAP (
            pa_out => Vout_3(0)__PA ,
            analog_term => Net_90 ,
            pad => Vout_3(0)_PAD );
        Properties:
        {
        }

    Pin : Name = DIGITOS(0)
        Attributes:
            In Group/Port: True
            In Sync Option: AUTO
            Out Sync Option: NOSYNC
            Interrupt generated: False
            Interrupt mode: NONE
            Drive mode: CMOS_OUT
            VTrip: EITHER
            Slew: FAST
            Input Sync needed: False
            Output Sync needed: False
            SC shield enabled: False
            POR State: ANY
            LCD Mode: COMMON
            Register Mode: RegComb
            CaSense Mode: NEITHER
            Treat as pin: False
            Is OE Registered: False
            Uses Analog: False
            Can contain Digital: True
            Is SIO: False
            SIO Output Buf: NONREGULATED
            SIO Input Buf: SINGLE_ENDED
            SIO HiFreq: LOW
            SIO Hyst: DISABLED
            SIO Vtrip: MULTIPLIER_0_5
            SIO Multiplier Index: 0
            SIO RefSel: VCC_IO
            Required Capabilities: DIGITAL
            Initial Value: 0
            IO Voltage: 0
        PORT MAP (
            pa_out => DIGITOS(0)__PA ,
            pad => DIGITOS(0)_PAD );
        Properties:
        {
        }

    Pin : Name = DIGITOS(1)
        Attributes:
            In Group/Port: True
            In Sync Option: AUTO
            Out Sync Option: NOSYNC
            Interrupt generated: False
            Interrupt mode: NONE
            Drive mode: CMOS_OUT
            VTrip: EITHER
            Slew: FAST
            Input Sync needed: False
            Output Sync needed: False
            SC shield enabled: False
            POR State: ANY
            LCD Mode: COMMON
            Register Mode: RegComb
            CaSense Mode: NEITHER
            Treat as pin: False
            Is OE Registered: False
            Uses Analog: False
            Can contain Digital: True
            Is SIO: False
            SIO Output Buf: NONREGULATED
            SIO Input Buf: SINGLE_ENDED
            SIO HiFreq: LOW
            SIO Hyst: DISABLED
            SIO Vtrip: MULTIPLIER_0_5
            SIO Multiplier Index: 0
            SIO RefSel: VCC_IO
            Required Capabilities: DIGITAL
            Initial Value: 0
            IO Voltage: 0
        PORT MAP (
            pa_out => DIGITOS(1)__PA ,
            pad => DIGITOS(1)_PAD );
        Properties:
        {
        }

    Pin : Name = DIGITOS(2)
        Attributes:
            In Group/Port: True
            In Sync Option: AUTO
            Out Sync Option: NOSYNC
            Interrupt generated: False
            Interrupt mode: NONE
            Drive mode: CMOS_OUT
            VTrip: EITHER
            Slew: FAST
            Input Sync needed: False
            Output Sync needed: False
            SC shield enabled: False
            POR State: ANY
            LCD Mode: COMMON
            Register Mode: RegComb
            CaSense Mode: NEITHER
            Treat as pin: False
            Is OE Registered: False
            Uses Analog: False
            Can contain Digital: True
            Is SIO: False
            SIO Output Buf: NONREGULATED
            SIO Input Buf: SINGLE_ENDED
            SIO HiFreq: LOW
            SIO Hyst: DISABLED
            SIO Vtrip: MULTIPLIER_0_5
            SIO Multiplier Index: 0
            SIO RefSel: VCC_IO
            Required Capabilities: DIGITAL
            Initial Value: 0
            IO Voltage: 0
        PORT MAP (
            pa_out => DIGITOS(2)__PA ,
            pad => DIGITOS(2)_PAD );
        Properties:
        {
        }

    Pin : Name = DIGITOS(3)
        Attributes:
            In Group/Port: True
            In Sync Option: AUTO
            Out Sync Option: NOSYNC
            Interrupt generated: False
            Interrupt mode: NONE
            Drive mode: CMOS_OUT
            VTrip: EITHER
            Slew: FAST
            Input Sync needed: False
            Output Sync needed: False
            SC shield enabled: False
            POR State: ANY
            LCD Mode: COMMON
            Register Mode: RegComb
            CaSense Mode: NEITHER
            Treat as pin: False
            Is OE Registered: False
            Uses Analog: False
            Can contain Digital: True
            Is SIO: False
            SIO Output Buf: NONREGULATED
            SIO Input Buf: SINGLE_ENDED
            SIO HiFreq: LOW
            SIO Hyst: DISABLED
            SIO Vtrip: MULTIPLIER_0_5
            SIO Multiplier Index: 0
            SIO RefSel: VCC_IO
            Required Capabilities: DIGITAL
            Initial Value: 0
            IO Voltage: 0
        PORT MAP (
            pa_out => DIGITOS(3)__PA ,
            pad => DIGITOS(3)_PAD );
        Properties:
        {
        }

    Pin : Name = INVERSOR_2(0)
        Attributes:
            In Group/Port: True
            In Sync Option: AUTO
            Out Sync Option: AUTO
            Interrupt generated: False
            Interrupt mode: NONE
            Drive mode: HI_Z_ANALOG
            VTrip: EITHER
            Slew: FAST
            Input Sync needed: False
            Output Sync needed: False
            SC shield enabled: False
            POR State: ANY
            LCD Mode: COMMON
            Register Mode: RegComb
            CaSense Mode: NEITHER
            Treat as pin: True
            Is OE Registered: False
            Uses Analog: True
            Can contain Digital: False
            Is SIO: False
            SIO Output Buf: NONREGULATED
            SIO Input Buf: SINGLE_ENDED
            SIO HiFreq: LOW
            SIO Hyst: DISABLED
            SIO Vtrip: MULTIPLIER_0_5
            SIO Multiplier Index: 0
            SIO RefSel: VCC_IO
            Required Capabilities: ANALOG
            Initial Value: 0
            IO Voltage: 0
        PORT MAP (
            pa_out => INVERSOR_2(0)__PA ,
            pad => INVERSOR_2(0)_PAD );
        Properties:
        {
        }

    Pin : Name = BOTONES(0)
        Attributes:
            In Group/Port: True
            In Sync Option: NOSYNC
            Out Sync Option: AUTO
            Interrupt generated: False
            Interrupt mode: NONE
            Drive mode: RES_PULL_DOWN
            VTrip: CMOS
            Slew: FAST
            Input Sync needed: False
            Output Sync needed: False
            SC shield enabled: False
            POR State: ANY
            LCD Mode: COMMON
            Register Mode: RegComb
            CaSense Mode: NEITHER
            Treat as pin: False
            Is OE Registered: False
            Uses Analog: False
            Can contain Digital: True
            Is SIO: False
            SIO Output Buf: NONREGULATED
            SIO Input Buf: SINGLE_ENDED
            SIO HiFreq: LOW
            SIO Hyst: DISABLED
            SIO Vtrip: MULTIPLIER_0_5
            SIO Multiplier Index: 0
            SIO RefSel: VCC_IO
            Required Capabilities: DIGITAL, ROUTABLE
            Initial Value: 0
            IO Voltage: 0
        PORT MAP (
            pa_out => BOTONES(0)__PA ,
            fb => Net_155 ,
            pad => BOTONES(0)_PAD );
        Properties:
        {
        }

    Pin : Name = BOTONES(1)
        Attributes:
            In Group/Port: True
            In Sync Option: NOSYNC
            Out Sync Option: AUTO
            Interrupt generated: False
            Interrupt mode: NONE
            Drive mode: RES_PULL_DOWN
            VTrip: CMOS
            Slew: FAST
            Input Sync needed: False
            Output Sync needed: False
            SC shield enabled: False
            POR State: ANY
            LCD Mode: COMMON
            Register Mode: RegComb
            CaSense Mode: NEITHER
            Treat as pin: False
            Is OE Registered: False
            Uses Analog: False
            Can contain Digital: True
            Is SIO: False
            SIO Output Buf: NONREGULATED
            SIO Input Buf: SINGLE_ENDED
            SIO HiFreq: LOW
            SIO Hyst: DISABLED
            SIO Vtrip: MULTIPLIER_0_5
            SIO Multiplier Index: 0
            SIO RefSel: VCC_IO
            Required Capabilities: DIGITAL, ROUTABLE
            Initial Value: 0
            IO Voltage: 0
        PORT MAP (
            pa_out => BOTONES(1)__PA ,
            fb => Net_180 ,
            pad => BOTONES(1)_PAD );
        Properties:
        {
        }

    Pin : Name = LED_MSB(0)
        Attributes:
            In Group/Port: True
            In Sync Option: AUTO
            Out Sync Option: NOSYNC
            Interrupt generated: False
            Interrupt mode: NONE
            Drive mode: CMOS_OUT
            VTrip: EITHER
            Slew: FAST
            Input Sync needed: False
            Output Sync needed: False
            SC shield enabled: False
            POR State: ANY
            LCD Mode: COMMON
            Register Mode: RegComb
            CaSense Mode: NEITHER
            Treat as pin: True
            Is OE Registered: False
            Uses Analog: False
            Can contain Digital: True
            Is SIO: False
            SIO Output Buf: NONREGULATED
            SIO Input Buf: SINGLE_ENDED
            SIO HiFreq: LOW
            SIO Hyst: DISABLED
            SIO Vtrip: MULTIPLIER_0_5
            SIO Multiplier Index: 0
            SIO RefSel: VCC_IO
            Required Capabilities: DIGITAL
            Initial Value: 0
            IO Voltage: 0
        PORT MAP (
            pa_out => LED_MSB(0)__PA ,
            pad => LED_MSB(0)_PAD );
        Properties:
        {
        }

    Pin : Name = BOTON(0)
        Attributes:
            In Group/Port: True
            In Sync Option: NOSYNC
            Out Sync Option: AUTO
            Interrupt generated: False
            Interrupt mode: NONE
            Drive mode: HI_Z_DIGITAL
            VTrip: CMOS
            Slew: FAST
            Input Sync needed: False
            Output Sync needed: False
            SC shield enabled: False
            POR State: ANY
            LCD Mode: COMMON
            Register Mode: RegComb
            CaSense Mode: NEITHER
            Treat as pin: True
            Is OE Registered: False
            Uses Analog: False
            Can contain Digital: True
            Is SIO: False
            SIO Output Buf: NONREGULATED
            SIO Input Buf: SINGLE_ENDED
            SIO HiFreq: LOW
            SIO Hyst: DISABLED
            SIO Vtrip: MULTIPLIER_0_5
            SIO Multiplier Index: 0
            SIO RefSel: VCC_IO
            Required Capabilities: DIGITAL, ROUTABLE
            Initial Value: 0
            IO Voltage: 0
        PORT MAP (
            pa_out => BOTON(0)__PA ,
            fb => Net_97 ,
            pad => BOTON(0)_PAD );
        Properties:
        {
        }

    Pin : Name = SS_A(0)
        Attributes:
            In Group/Port: True
            In Sync Option: AUTO
            Out Sync Option: NOSYNC
            Interrupt generated: False
            Interrupt mode: NONE
            Drive mode: CMOS_OUT
            VTrip: EITHER
            Slew: FAST
            Input Sync needed: False
            Output Sync needed: False
            SC shield enabled: False
            POR State: ANY
            LCD Mode: COMMON
            Register Mode: RegComb
            CaSense Mode: NEITHER
            Treat as pin: True
            Is OE Registered: False
            Uses Analog: False
            Can contain Digital: True
            Is SIO: False
            SIO Output Buf: NONREGULATED
            SIO Input Buf: SINGLE_ENDED
            SIO HiFreq: LOW
            SIO Hyst: DISABLED
            SIO Vtrip: MULTIPLIER_0_5
            SIO Multiplier Index: 0
            SIO RefSel: VCC_IO
            Required Capabilities: DIGITAL
            Initial Value: 0
            IO Voltage: 0
        PORT MAP (
            pa_out => SS_A(0)__PA ,
            pad => SS_A(0)_PAD );
        Properties:
        {
        }

    Pin : Name = SS_B(0)
        Attributes:
            In Group/Port: True
            In Sync Option: AUTO
            Out Sync Option: NOSYNC
            Interrupt generated: False
            Interrupt mode: NONE
            Drive mode: CMOS_OUT
            VTrip: EITHER
            Slew: FAST
            Input Sync needed: False
            Output Sync needed: False
            SC shield enabled: False
            POR State: ANY
            LCD Mode: COMMON
            Register Mode: RegComb
            CaSense Mode: NEITHER
            Treat as pin: True
            Is OE Registered: False
            Uses Analog: False
            Can contain Digital: True
            Is SIO: False
            SIO Output Buf: NONREGULATED
            SIO Input Buf: SINGLE_ENDED
            SIO HiFreq: LOW
            SIO Hyst: DISABLED
            SIO Vtrip: MULTIPLIER_0_5
            SIO Multiplier Index: 0
            SIO RefSel: VCC_IO
            Required Capabilities: DIGITAL
            Initial Value: 0
            IO Voltage: 0
        PORT MAP (
            pa_out => SS_B(0)__PA ,
            pad => SS_B(0)_PAD );
        Properties:
        {
        }

    Pin : Name = SS_C(0)
        Attributes:
            In Group/Port: True
            In Sync Option: AUTO
            Out Sync Option: NOSYNC
            Interrupt generated: False
            Interrupt mode: NONE
            Drive mode: CMOS_OUT
            VTrip: EITHER
            Slew: FAST
            Input Sync needed: False
            Output Sync needed: False
            SC shield enabled: False
            POR State: ANY
            LCD Mode: COMMON
            Register Mode: RegComb
            CaSense Mode: NEITHER
            Treat as pin: True
            Is OE Registered: False
            Uses Analog: False
            Can contain Digital: True
            Is SIO: False
            SIO Output Buf: NONREGULATED
            SIO Input Buf: SINGLE_ENDED
            SIO HiFreq: LOW
            SIO Hyst: DISABLED
            SIO Vtrip: MULTIPLIER_0_5
            SIO Multiplier Index: 0
            SIO RefSel: VCC_IO
            Required Capabilities: DIGITAL
            Initial Value: 0
            IO Voltage: 0
        PORT MAP (
            pa_out => SS_C(0)__PA ,
            pad => SS_C(0)_PAD );
        Properties:
        {
        }

    Pin : Name = SS_D(0)
        Attributes:
            In Group/Port: True
            In Sync Option: AUTO
            Out Sync Option: NOSYNC
            Interrupt generated: False
            Interrupt mode: NONE
            Drive mode: CMOS_OUT
            VTrip: EITHER
            Slew: FAST
            Input Sync needed: False
            Output Sync needed: False
            SC shield enabled: False
            POR State: ANY
            LCD Mode: COMMON
            Register Mode: RegComb
            CaSense Mode: NEITHER
            Treat as pin: True
            Is OE Registered: False
            Uses Analog: False
            Can contain Digital: True
            Is SIO: False
            SIO Output Buf: NONREGULATED
            SIO Input Buf: SINGLE_ENDED
            SIO HiFreq: LOW
            SIO Hyst: DISABLED
            SIO Vtrip: MULTIPLIER_0_5
            SIO Multiplier Index: 0
            SIO RefSel: VCC_IO
            Required Capabilities: DIGITAL
            Initial Value: 0
            IO Voltage: 0
        PORT MAP (
            pa_out => SS_D(0)__PA ,
            pad => SS_D(0)_PAD );
        Properties:
        {
        }

    Pin : Name = SS_E(0)
        Attributes:
            In Group/Port: True
            In Sync Option: AUTO
            Out Sync Option: NOSYNC
            Interrupt generated: False
            Interrupt mode: NONE
            Drive mode: CMOS_OUT
            VTrip: EITHER
            Slew: FAST
            Input Sync needed: False
            Output Sync needed: False
            SC shield enabled: False
            POR State: ANY
            LCD Mode: COMMON
            Register Mode: RegComb
            CaSense Mode: NEITHER
            Treat as pin: True
            Is OE Registered: False
            Uses Analog: False
            Can contain Digital: True
            Is SIO: False
            SIO Output Buf: NONREGULATED
            SIO Input Buf: SINGLE_ENDED
            SIO HiFreq: LOW
            SIO Hyst: DISABLED
            SIO Vtrip: MULTIPLIER_0_5
            SIO Multiplier Index: 0
            SIO RefSel: VCC_IO
            Required Capabilities: DIGITAL
            Initial Value: 0
            IO Voltage: 0
        PORT MAP (
            pa_out => SS_E(0)__PA ,
            pad => SS_E(0)_PAD );
        Properties:
        {
        }

    Pin : Name = SS_F(0)
        Attributes:
            In Group/Port: True
            In Sync Option: AUTO
            Out Sync Option: NOSYNC
            Interrupt generated: False
            Interrupt mode: NONE
            Drive mode: CMOS_OUT
            VTrip: EITHER
            Slew: FAST
            Input Sync needed: False
            Output Sync needed: False
            SC shield enabled: False
            POR State: ANY
            LCD Mode: COMMON
            Register Mode: RegComb
            CaSense Mode: NEITHER
            Treat as pin: True
            Is OE Registered: False
            Uses Analog: False
            Can contain Digital: True
            Is SIO: False
            SIO Output Buf: NONREGULATED
            SIO Input Buf: SINGLE_ENDED
            SIO HiFreq: LOW
            SIO Hyst: DISABLED
            SIO Vtrip: MULTIPLIER_0_5
            SIO Multiplier Index: 0
            SIO RefSel: VCC_IO
            Required Capabilities: DIGITAL
            Initial Value: 0
            IO Voltage: 0
        PORT MAP (
            pa_out => SS_F(0)__PA ,
            pad => SS_F(0)_PAD );
        Properties:
        {
        }

    Pin : Name = SS_G(0)
        Attributes:
            In Group/Port: True
            In Sync Option: AUTO
            Out Sync Option: NOSYNC
            Interrupt generated: False
            Interrupt mode: NONE
            Drive mode: CMOS_OUT
            VTrip: EITHER
            Slew: FAST
            Input Sync needed: False
            Output Sync needed: False
            SC shield enabled: False
            POR State: ANY
            LCD Mode: COMMON
            Register Mode: RegComb
            CaSense Mode: NEITHER
            Treat as pin: True
            Is OE Registered: False
            Uses Analog: False
            Can contain Digital: True
            Is SIO: False
            SIO Output Buf: NONREGULATED
            SIO Input Buf: SINGLE_ENDED
            SIO HiFreq: LOW
            SIO Hyst: DISABLED
            SIO Vtrip: MULTIPLIER_0_5
            SIO Multiplier Index: 0
            SIO RefSel: VCC_IO
            Required Capabilities: DIGITAL
            Initial Value: 0
            IO Voltage: 0
        PORT MAP (
            pa_out => SS_G(0)__PA ,
            pad => SS_G(0)_PAD );
        Properties:
        {
        }

    Pin : Name = SS_P(0)
        Attributes:
            In Group/Port: True
            In Sync Option: AUTO
            Out Sync Option: NOSYNC
            Interrupt generated: False
            Interrupt mode: NONE
            Drive mode: CMOS_OUT
            VTrip: EITHER
            Slew: FAST
            Input Sync needed: False
            Output Sync needed: False
            SC shield enabled: False
            POR State: ANY
            LCD Mode: COMMON
            Register Mode: RegComb
            CaSense Mode: NEITHER
            Treat as pin: True
            Is OE Registered: False
            Uses Analog: False
            Can contain Digital: True
            Is SIO: False
            SIO Output Buf: NONREGULATED
            SIO Input Buf: SINGLE_ENDED
            SIO HiFreq: LOW
            SIO Hyst: DISABLED
            SIO Vtrip: MULTIPLIER_0_5
            SIO Multiplier Index: 0
            SIO RefSel: VCC_IO
            Required Capabilities: DIGITAL
            Initial Value: 0
            IO Voltage: 0
        PORT MAP (
            pa_out => SS_P(0)__PA ,
            pad => SS_P(0)_PAD );
        Properties:
        {
        }

    Pin : Name = LED_LSB(0)
        Attributes:
            In Group/Port: True
            In Sync Option: AUTO
            Out Sync Option: NOSYNC
            Interrupt generated: False
            Interrupt mode: NONE
            Drive mode: CMOS_OUT
            VTrip: EITHER
            Slew: FAST
            Input Sync needed: False
            Output Sync needed: False
            SC shield enabled: False
            POR State: ANY
            LCD Mode: COMMON
            Register Mode: RegComb
            CaSense Mode: NEITHER
            Treat as pin: True
            Is OE Registered: False
            Uses Analog: False
            Can contain Digital: True
            Is SIO: False
            SIO Output Buf: NONREGULATED
            SIO Input Buf: SINGLE_ENDED
            SIO HiFreq: LOW
            SIO Hyst: DISABLED
            SIO Vtrip: MULTIPLIER_0_5
            SIO Multiplier Index: 0
            SIO RefSel: VCC_IO
            Required Capabilities: DIGITAL
            Initial Value: 0
            IO Voltage: 0
        PORT MAP (
            pa_out => LED_LSB(0)__PA ,
            pad => LED_LSB(0)_PAD );
        Properties:
        {
        }
    </CYPRESSTAG>
    <CYPRESSTAG name="Macrocell listing" icon="FILE_RPT_EQUATION">

    ------------------------------------------------------------
    Macrocell listing
    ------------------------------------------------------------

    MacroCell: Name=\UART_1:BUART:pollcount_1_split\, Mode=(Combinatorial)
        Total # of inputs        : 8
        Total # of product terms : 8
            Clock Enable: True
        Main Equation            : 8 pterms
        (
              !\UART_1:BUART:rx_count_3\ * !\UART_1:BUART:rx_count_2\ * 
              !\UART_1:BUART:rx_count_1\ * 
              !\UART_1:BUART:rx_count7_bit8_wire\ * 
              !\UART_1:BUART:pollcount_1\ * Net_5 * 
              \UART_1:BUART:pollcount_0\
            + !\UART_1:BUART:rx_count_3\ * !\UART_1:BUART:rx_count_2\ * 
              !\UART_1:BUART:rx_count_1\ * 
              !\UART_1:BUART:rx_count7_bit8_wire\ * 
              \UART_1:BUART:pollcount_1\ * !\UART_1:BUART:pollcount_0\
            + !\UART_1:BUART:rx_count_3\ * \UART_1:BUART:rx_count_2\ * 
              \UART_1:BUART:rx_count_1\ * \UART_1:BUART:rx_count_0\ * 
              \UART_1:BUART:rx_count7_bit8_wire\ * 
              !\UART_1:BUART:pollcount_1\ * Net_5 * 
              \UART_1:BUART:pollcount_0\
            + !\UART_1:BUART:rx_count_3\ * \UART_1:BUART:rx_count_2\ * 
              \UART_1:BUART:rx_count_1\ * \UART_1:BUART:rx_count_0\ * 
              \UART_1:BUART:rx_count7_bit8_wire\ * \UART_1:BUART:pollcount_1\ * 
              !Net_5
            + !\UART_1:BUART:rx_count_3\ * \UART_1:BUART:rx_count_2\ * 
              \UART_1:BUART:rx_count_1\ * \UART_1:BUART:rx_count_0\ * 
              \UART_1:BUART:rx_count7_bit8_wire\ * \UART_1:BUART:pollcount_1\ * 
              !\UART_1:BUART:pollcount_0\
            + \UART_1:BUART:rx_count_3\ * !\UART_1:BUART:rx_count_2\ * 
              !\UART_1:BUART:rx_count_1\ * !\UART_1:BUART:rx_count_0\ * 
              \UART_1:BUART:rx_count7_bit8_wire\ * 
              !\UART_1:BUART:pollcount_1\ * Net_5 * 
              \UART_1:BUART:pollcount_0\
            + \UART_1:BUART:rx_count_3\ * !\UART_1:BUART:rx_count_2\ * 
              !\UART_1:BUART:rx_count_1\ * !\UART_1:BUART:rx_count_0\ * 
              \UART_1:BUART:rx_count7_bit8_wire\ * \UART_1:BUART:pollcount_1\ * 
              !Net_5
            + \UART_1:BUART:rx_count_3\ * !\UART_1:BUART:rx_count_2\ * 
              !\UART_1:BUART:rx_count_1\ * !\UART_1:BUART:rx_count_0\ * 
              \UART_1:BUART:rx_count7_bit8_wire\ * \UART_1:BUART:pollcount_1\ * 
              !\UART_1:BUART:pollcount_0\
        );
        Output = \UART_1:BUART:pollcount_1_split\ (fanout=1)

    MacroCell: Name=Net_9, Mode=(Combinatorial)
        Total # of inputs        : 1
        Total # of product terms : 1
            Clock Enable: True
        Main Equation            : 1 pterm
        (
              !\UART_1:BUART:txn\
        );
        Output = Net_9 (fanout=1)

    MacroCell: Name=\UART_1:BUART:counter_load_not\, Mode=(Combinatorial)
        Total # of inputs        : 4
        Total # of product terms : 2
            Clock Enable: True
        Main Equation            : 2 pterms
        !(
              !\UART_1:BUART:tx_state_1\ * !\UART_1:BUART:tx_state_0\ * 
              \UART_1:BUART:tx_bitclk_enable_pre\
            + !\UART_1:BUART:tx_state_1\ * !\UART_1:BUART:tx_state_0\ * 
              !\UART_1:BUART:tx_state_2\
        );
        Output = \UART_1:BUART:counter_load_not\ (fanout=1)

    MacroCell: Name=\UART_1:BUART:tx_status_0\, Mode=(Combinatorial)
        Total # of inputs        : 5
        Total # of product terms : 1
            Clock Enable: True
        Main Equation            : 1 pterm
        (
              !\UART_1:BUART:tx_state_1\ * !\UART_1:BUART:tx_state_0\ * 
              \UART_1:BUART:tx_bitclk_enable_pre\ * 
              \UART_1:BUART:tx_fifo_empty\ * \UART_1:BUART:tx_state_2\
        );
        Output = \UART_1:BUART:tx_status_0\ (fanout=1)

    MacroCell: Name=\UART_1:BUART:tx_status_2\, Mode=(Combinatorial)
        Total # of inputs        : 1
        Total # of product terms : 1
            Clock Enable: True
        Main Equation            : 1 pterm
        (
              !\UART_1:BUART:tx_fifo_notfull\
        );
        Output = \UART_1:BUART:tx_status_2\ (fanout=1)

    MacroCell: Name=\UART_1:BUART:rx_counter_load\, Mode=(Combinatorial)
        Total # of inputs        : 4
        Total # of product terms : 1
            Clock Enable: True
        Main Equation            : 1 pterm
        (
              !\UART_1:BUART:tx_ctrl_mark_last\ * !\UART_1:BUART:rx_state_0\ * 
              !\UART_1:BUART:rx_state_3\ * !\UART_1:BUART:rx_state_2\
        );
        Output = \UART_1:BUART:rx_counter_load\ (fanout=1)

    MacroCell: Name=\UART_1:BUART:rx_postpoll\, Mode=(Combinatorial)
        Total # of inputs        : 3
        Total # of product terms : 2
            Clock Enable: True
        Main Equation            : 2 pterms
        (
              \UART_1:BUART:pollcount_1\
            + Net_5 * \UART_1:BUART:pollcount_0\
        );
        Output = \UART_1:BUART:rx_postpoll\ (fanout=1)

    MacroCell: Name=\UART_1:BUART:rx_status_4\, Mode=(Combinatorial)
        Total # of inputs        : 2
        Total # of product terms : 1
            Clock Enable: True
        Main Equation            : 1 pterm
        (
              \UART_1:BUART:rx_load_fifo\ * \UART_1:BUART:rx_fifofull\
        );
        Output = \UART_1:BUART:rx_status_4\ (fanout=1)

    MacroCell: Name=\UART_1:BUART:rx_status_5\, Mode=(Combinatorial)
        Total # of inputs        : 2
        Total # of product terms : 1
            Clock Enable: True
        Main Equation            : 1 pterm
        (
              \UART_1:BUART:rx_fifonotempty\ * 
              \UART_1:BUART:rx_state_stop1_reg\
        );
        Output = \UART_1:BUART:rx_status_5\ (fanout=1)

    MacroCell: Name=__ONE__, Mode=(Combinatorial)
        Total # of inputs        : 0
        Total # of product terms : 0
            Clock Enable: True
        Main Equation            : 0 pterms
        !(
            0
        );
        Output = __ONE__ (fanout=1)

    MacroCell: Name=\UART_1:BUART:txn\, Mode=(D-Register)
        Total # of inputs        : 7
        Total # of product terms : 5
        List of special equations: 
            Clock  = (\UART_1:Net_9\) => Global
            Clock Enable: True
        Main Equation            : 5 pterms
        (
              \UART_1:BUART:txn\ * \UART_1:BUART:tx_state_1\ * 
              !\UART_1:BUART:tx_bitclk\
            + \UART_1:BUART:txn\ * \UART_1:BUART:tx_state_2\
            + !\UART_1:BUART:tx_state_1\ * \UART_1:BUART:tx_state_0\ * 
              !\UART_1:BUART:tx_shift_out\ * !\UART_1:BUART:tx_state_2\
            + !\UART_1:BUART:tx_state_1\ * \UART_1:BUART:tx_state_0\ * 
              !\UART_1:BUART:tx_state_2\ * !\UART_1:BUART:tx_bitclk\
            + \UART_1:BUART:tx_state_1\ * !\UART_1:BUART:tx_state_0\ * 
              !\UART_1:BUART:tx_shift_out\ * !\UART_1:BUART:tx_state_2\ * 
              !\UART_1:BUART:tx_counter_dp\ * \UART_1:BUART:tx_bitclk\
        );
        Output = \UART_1:BUART:txn\ (fanout=2)

    MacroCell: Name=\UART_1:BUART:tx_state_1\, Mode=(T-Register)
        Total # of inputs        : 6
        Total # of product terms : 3
        List of special equations: 
            Clock  = (\UART_1:Net_9\) => Global
            Clock Enable: True
        Main Equation            : 3 pterms
        (
              \UART_1:BUART:tx_state_1\ * \UART_1:BUART:tx_state_0\ * 
              \UART_1:BUART:tx_bitclk_enable_pre\ * \UART_1:BUART:tx_state_2\
            + \UART_1:BUART:tx_state_1\ * !\UART_1:BUART:tx_state_2\ * 
              \UART_1:BUART:tx_counter_dp\ * \UART_1:BUART:tx_bitclk\
            + \UART_1:BUART:tx_state_0\ * !\UART_1:BUART:tx_state_2\ * 
              \UART_1:BUART:tx_bitclk\
        );
        Output = \UART_1:BUART:tx_state_1\ (fanout=8)

    MacroCell: Name=\UART_1:BUART:tx_state_0\, Mode=(T-Register)
        Total # of inputs        : 6
        Total # of product terms : 4
        List of special equations: 
            Clock  = (\UART_1:Net_9\) => Global
            Clock Enable: True
        Main Equation            : 4 pterms
        (
              !\UART_1:BUART:tx_state_1\ * !\UART_1:BUART:tx_state_0\ * 
              \UART_1:BUART:tx_bitclk_enable_pre\ * 
              !\UART_1:BUART:tx_fifo_empty\
            + !\UART_1:BUART:tx_state_1\ * !\UART_1:BUART:tx_state_0\ * 
              !\UART_1:BUART:tx_fifo_empty\ * !\UART_1:BUART:tx_state_2\
            + \UART_1:BUART:tx_state_1\ * \UART_1:BUART:tx_state_0\ * 
              \UART_1:BUART:tx_bitclk_enable_pre\ * 
              \UART_1:BUART:tx_fifo_empty\ * \UART_1:BUART:tx_state_2\
            + \UART_1:BUART:tx_state_0\ * !\UART_1:BUART:tx_state_2\ * 
              \UART_1:BUART:tx_bitclk\
        );
        Output = \UART_1:BUART:tx_state_0\ (fanout=8)

    MacroCell: Name=\UART_1:BUART:tx_state_2\, Mode=(T-Register)
        Total # of inputs        : 6
        Total # of product terms : 4
        List of special equations: 
            Clock  = (\UART_1:Net_9\) => Global
            Clock Enable: True
        Main Equation            : 4 pterms
        (
              !\UART_1:BUART:tx_state_1\ * !\UART_1:BUART:tx_state_0\ * 
              \UART_1:BUART:tx_bitclk_enable_pre\ * \UART_1:BUART:tx_state_2\
            + \UART_1:BUART:tx_state_1\ * \UART_1:BUART:tx_state_0\ * 
              \UART_1:BUART:tx_bitclk_enable_pre\ * \UART_1:BUART:tx_state_2\
            + \UART_1:BUART:tx_state_1\ * \UART_1:BUART:tx_state_0\ * 
              !\UART_1:BUART:tx_state_2\ * \UART_1:BUART:tx_bitclk\
            + \UART_1:BUART:tx_state_1\ * !\UART_1:BUART:tx_state_2\ * 
              \UART_1:BUART:tx_counter_dp\ * \UART_1:BUART:tx_bitclk\
        );
        Output = \UART_1:BUART:tx_state_2\ (fanout=7)

    MacroCell: Name=\UART_1:BUART:tx_bitclk\, Mode=(D-Register)
        Total # of inputs        : 4
        Total # of product terms : 2
        List of special equations: 
            Clock  = (\UART_1:Net_9\) => Global
            Clock Enable: True
        Main Equation            : 2 pterms
        !(
              !\UART_1:BUART:tx_state_1\ * !\UART_1:BUART:tx_state_0\ * 
              \UART_1:BUART:tx_state_2\
            + !\UART_1:BUART:tx_bitclk_enable_pre\
        );
        Output = \UART_1:BUART:tx_bitclk\ (fanout=4)

    MacroCell: Name=\UART_1:BUART:tx_ctrl_mark_last\, Mode=(T-Register)
        Total # of inputs        : 0
        Total # of product terms : 0
        List of special equations: 
            Clock  = (\UART_1:Net_9\) => Global
            Clock Enable: True
        Main Equation            : 0 pterms
        (
            0
        );
        Output = \UART_1:BUART:tx_ctrl_mark_last\ (fanout=9)

    MacroCell: Name=\UART_1:BUART:rx_state_0\, Mode=(T-Register)
        Total # of inputs        : 11
        Total # of product terms : 4
        List of special equations: 
            Clock  = (\UART_1:Net_9\) => Global
            Clock Enable: True
        Main Equation            : 4 pterms
        (
              !\UART_1:BUART:tx_ctrl_mark_last\ * !\UART_1:BUART:rx_state_0\ * 
              \UART_1:BUART:rx_bitclk_enable\ * !\UART_1:BUART:rx_state_3\ * 
              \UART_1:BUART:rx_state_2\ * !\UART_1:BUART:pollcount_1\ * 
              !Net_5
            + !\UART_1:BUART:tx_ctrl_mark_last\ * !\UART_1:BUART:rx_state_0\ * 
              \UART_1:BUART:rx_bitclk_enable\ * !\UART_1:BUART:rx_state_3\ * 
              \UART_1:BUART:rx_state_2\ * !\UART_1:BUART:pollcount_1\ * 
              !\UART_1:BUART:pollcount_0\
            + !\UART_1:BUART:tx_ctrl_mark_last\ * \UART_1:BUART:rx_state_0\ * 
              !\UART_1:BUART:rx_state_3\ * !\UART_1:BUART:rx_state_2\ * 
              !\UART_1:BUART:rx_count_6\ * \UART_1:BUART:rx_count7_bit8_wire\
            + !\UART_1:BUART:tx_ctrl_mark_last\ * \UART_1:BUART:rx_state_0\ * 
              !\UART_1:BUART:rx_state_3\ * !\UART_1:BUART:rx_state_2\ * 
              !\UART_1:BUART:rx_count_5\ * \UART_1:BUART:rx_count7_bit8_wire\
        );
        Output = \UART_1:BUART:rx_state_0\ (fanout=9)

    MacroCell: Name=\UART_1:BUART:rx_load_fifo\, Mode=(D-Register)
        Total # of inputs        : 8
        Total # of product terms : 3
        List of special equations: 
            Clock  = (\UART_1:Net_9\) => Global
            Clock Enable: True
        Main Equation            : 3 pterms
        (
              !\UART_1:BUART:tx_ctrl_mark_last\ * !\UART_1:BUART:rx_state_0\ * 
              \UART_1:BUART:rx_bitclk_enable\ * \UART_1:BUART:rx_state_3\ * 
              !\UART_1:BUART:rx_state_2\
            + !\UART_1:BUART:tx_ctrl_mark_last\ * \UART_1:BUART:rx_state_0\ * 
              !\UART_1:BUART:rx_state_3\ * !\UART_1:BUART:rx_state_2\ * 
              !\UART_1:BUART:rx_count_6\ * \UART_1:BUART:rx_count7_bit8_wire\
            + !\UART_1:BUART:tx_ctrl_mark_last\ * \UART_1:BUART:rx_state_0\ * 
              !\UART_1:BUART:rx_state_3\ * !\UART_1:BUART:rx_state_2\ * 
              !\UART_1:BUART:rx_count_5\ * \UART_1:BUART:rx_count7_bit8_wire\
        );
        Output = \UART_1:BUART:rx_load_fifo\ (fanout=2)

    MacroCell: Name=\UART_1:BUART:rx_state_3\, Mode=(T-Register)
        Total # of inputs        : 8
        Total # of product terms : 3
        List of special equations: 
            Clock  = (\UART_1:Net_9\) => Global
            Clock Enable: True
        Main Equation            : 3 pterms
        (
              !\UART_1:BUART:tx_ctrl_mark_last\ * !\UART_1:BUART:rx_state_0\ * 
              \UART_1:BUART:rx_bitclk_enable\ * \UART_1:BUART:rx_state_3\ * 
              \UART_1:BUART:rx_state_2\
            + !\UART_1:BUART:tx_ctrl_mark_last\ * \UART_1:BUART:rx_state_0\ * 
              !\UART_1:BUART:rx_state_3\ * !\UART_1:BUART:rx_state_2\ * 
              !\UART_1:BUART:rx_count_6\ * \UART_1:BUART:rx_count7_bit8_wire\
            + !\UART_1:BUART:tx_ctrl_mark_last\ * \UART_1:BUART:rx_state_0\ * 
              !\UART_1:BUART:rx_state_3\ * !\UART_1:BUART:rx_state_2\ * 
              !\UART_1:BUART:rx_count_5\ * \UART_1:BUART:rx_count7_bit8_wire\
        );
        Output = \UART_1:BUART:rx_state_3\ (fanout=8)

    MacroCell: Name=\UART_1:BUART:rx_state_2\, Mode=(T-Register)
        Total # of inputs        : 10
        Total # of product terms : 5
        List of special equations: 
            Clock  = (\UART_1:Net_9\) => Global
            Clock Enable: True
        Main Equation            : 5 pterms
        (
              !\UART_1:BUART:tx_ctrl_mark_last\ * !\UART_1:BUART:rx_state_0\ * 
              \UART_1:BUART:rx_bitclk_enable\ * \UART_1:BUART:rx_state_3\
            + !\UART_1:BUART:tx_ctrl_mark_last\ * !\UART_1:BUART:rx_state_0\ * 
              \UART_1:BUART:rx_bitclk_enable\ * \UART_1:BUART:rx_state_2\
            + !\UART_1:BUART:tx_ctrl_mark_last\ * !\UART_1:BUART:rx_state_0\ * 
              !\UART_1:BUART:rx_state_3\ * !\UART_1:BUART:rx_state_2\ * 
              !Net_5 * \UART_1:BUART:rx_last\
            + !\UART_1:BUART:tx_ctrl_mark_last\ * \UART_1:BUART:rx_state_0\ * 
              !\UART_1:BUART:rx_state_3\ * !\UART_1:BUART:rx_state_2\ * 
              !\UART_1:BUART:rx_count_6\ * \UART_1:BUART:rx_count7_bit8_wire\
            + !\UART_1:BUART:tx_ctrl_mark_last\ * \UART_1:BUART:rx_state_0\ * 
              !\UART_1:BUART:rx_state_3\ * !\UART_1:BUART:rx_state_2\ * 
              !\UART_1:BUART:rx_count_5\ * \UART_1:BUART:rx_count7_bit8_wire\
        );
        Output = \UART_1:BUART:rx_state_2\ (fanout=8)

    MacroCell: Name=\UART_1:BUART:rx_count7_bit8_wire\, Mode=(D-Register)
        Total # of inputs        : 6
        Total # of product terms : 2
        List of special equations: 
            Clock  = (\UART_1:Net_9\) => Global
            Clock Enable: True
        Main Equation            : 2 pterms
        !(
              !\UART_1:BUART:tx_ctrl_mark_last\ * !\UART_1:BUART:rx_state_0\ * 
              !\UART_1:BUART:rx_state_3\ * !\UART_1:BUART:rx_state_2\
            + !\UART_1:BUART:rx_count7_tc\ * 
              !\UART_1:BUART:rx_count7_bit8_wire\
        );
        Output = \UART_1:BUART:rx_count7_bit8_wire\ (fanout=9)

    MacroCell: Name=\UART_1:BUART:rx_bitclk_enable\, Mode=(D-Register)
        Total # of inputs        : 5
        Total # of product terms : 2
        List of special equations: 
            Clock  = (\UART_1:Net_9\) => Global
            Clock Enable: True
        Main Equation            : 2 pterms
        (
              !\UART_1:BUART:rx_count_3\ * !\UART_1:BUART:rx_count_2\ * 
              !\UART_1:BUART:rx_count_1\ * !\UART_1:BUART:rx_count_0\ * 
              !\UART_1:BUART:rx_count7_bit8_wire\
            + !\UART_1:BUART:rx_count_3\ * \UART_1:BUART:rx_count_2\ * 
              \UART_1:BUART:rx_count_1\ * \UART_1:BUART:rx_count_0\ * 
              \UART_1:BUART:rx_count7_bit8_wire\
        );
        Output = \UART_1:BUART:rx_bitclk_enable\ (fanout=6)

    MacroCell: Name=\UART_1:BUART:rx_state_stop1_reg\, Mode=(D-Register)
        Total # of inputs        : 4
        Total # of product terms : 1
        List of special equations: 
            Clock  = (\UART_1:Net_9\) => Global
            Clock Enable: True
        Main Equation            : 1 pterm
        !(
              !\UART_1:BUART:tx_ctrl_mark_last\ * !\UART_1:BUART:rx_state_0\ * 
              \UART_1:BUART:rx_state_3\ * \UART_1:BUART:rx_state_2\
        );
        Output = \UART_1:BUART:rx_state_stop1_reg\ (fanout=1)

    MacroCell: Name=\UART_1:BUART:pollcount_1\, Mode=(D-Register)
        Total # of inputs        : 7
        Total # of product terms : 2
        List of special equations: 
            Clock  = (\UART_1:Net_9\) => Global
            Clock Enable: True
        Main Equation            : 2 pterms
        (
              !\UART_1:BUART:rx_count_3\ * !\UART_1:BUART:rx_count_2\ * 
              !\UART_1:BUART:rx_count_1\ * 
              !\UART_1:BUART:rx_count7_bit8_wire\ * 
              \UART_1:BUART:pollcount_1\ * !Net_5
            + \UART_1:BUART:pollcount_1_split\
        );
        Output = \UART_1:BUART:pollcount_1\ (fanout=5)

    MacroCell: Name=\UART_1:BUART:pollcount_0\, Mode=(D-Register)
        Total # of inputs        : 7
        Total # of product terms : 6
        List of special equations: 
            Clock  = (\UART_1:Net_9\) => Global
            Clock Enable: True
        Main Equation            : 6 pterms
        (
              !\UART_1:BUART:rx_count_3\ * !\UART_1:BUART:rx_count_2\ * 
              !\UART_1:BUART:rx_count_1\ * 
              !\UART_1:BUART:rx_count7_bit8_wire\ * !Net_5 * 
              \UART_1:BUART:pollcount_0\
            + !\UART_1:BUART:rx_count_3\ * !\UART_1:BUART:rx_count_2\ * 
              !\UART_1:BUART:rx_count_1\ * 
              !\UART_1:BUART:rx_count7_bit8_wire\ * Net_5 * 
              !\UART_1:BUART:pollcount_0\
            + !\UART_1:BUART:rx_count_3\ * \UART_1:BUART:rx_count_2\ * 
              \UART_1:BUART:rx_count_1\ * \UART_1:BUART:rx_count_0\ * 
              \UART_1:BUART:rx_count7_bit8_wire\ * !Net_5 * 
              \UART_1:BUART:pollcount_0\
            + !\UART_1:BUART:rx_count_3\ * \UART_1:BUART:rx_count_2\ * 
              \UART_1:BUART:rx_count_1\ * \UART_1:BUART:rx_count_0\ * 
              \UART_1:BUART:rx_count7_bit8_wire\ * Net_5 * 
              !\UART_1:BUART:pollcount_0\
            + \UART_1:BUART:rx_count_3\ * !\UART_1:BUART:rx_count_2\ * 
              !\UART_1:BUART:rx_count_1\ * !\UART_1:BUART:rx_count_0\ * 
              \UART_1:BUART:rx_count7_bit8_wire\ * !Net_5 * 
              \UART_1:BUART:pollcount_0\
            + \UART_1:BUART:rx_count_3\ * !\UART_1:BUART:rx_count_2\ * 
              !\UART_1:BUART:rx_count_1\ * !\UART_1:BUART:rx_count_0\ * 
              \UART_1:BUART:rx_count7_bit8_wire\ * Net_5 * 
              !\UART_1:BUART:pollcount_0\
        );
        Output = \UART_1:BUART:pollcount_0\ (fanout=5)

    MacroCell: Name=\UART_1:BUART:rx_status_3\, Mode=(D-Register)
        Total # of inputs        : 8
        Total # of product terms : 2
        List of special equations: 
            Clock  = (\UART_1:Net_9\) => Global
            Clock Enable: True
        Main Equation            : 2 pterms
        (
              !\UART_1:BUART:tx_ctrl_mark_last\ * !\UART_1:BUART:rx_state_0\ * 
              \UART_1:BUART:rx_bitclk_enable\ * \UART_1:BUART:rx_state_3\ * 
              \UART_1:BUART:rx_state_2\ * !\UART_1:BUART:pollcount_1\ * 
              !Net_5
            + !\UART_1:BUART:tx_ctrl_mark_last\ * !\UART_1:BUART:rx_state_0\ * 
              \UART_1:BUART:rx_bitclk_enable\ * \UART_1:BUART:rx_state_3\ * 
              \UART_1:BUART:rx_state_2\ * !\UART_1:BUART:pollcount_1\ * 
              !\UART_1:BUART:pollcount_0\
        );
        Output = \UART_1:BUART:rx_status_3\ (fanout=1)

    MacroCell: Name=\UART_1:BUART:rx_last\, Mode=(D-Register)
        Total # of inputs        : 1
        Total # of product terms : 1
        List of special equations: 
            Clock  = (\UART_1:Net_9\) => Global
            Clock Enable: True
        Main Equation            : 1 pterm
        (
              Net_5
        );
        Output = \UART_1:BUART:rx_last\ (fanout=1)

    MacroCell: Name=Net_157, Mode=(D-Register)
        Total # of inputs        : 1
        Total # of product terms : 1
        List of special equations: 
            Clock  = (Net_179) => Global
            Clock Enable: True
        Main Equation            : 1 pterm
        (
              Net_155
        );
        Output = Net_157 (fanout=1)

    MacroCell: Name=Net_185, Mode=(D-Register)
        Total # of inputs        : 1
        Total # of product terms : 1
        List of special equations: 
            Clock  = (Net_179) => Global
            Clock Enable: True
        Main Equation            : 1 pterm
        (
              Net_180
        );
        Output = Net_185 (fanout=1)
    </CYPRESSTAG>
    <CYPRESSTAG name="Datapath listing">

    ------------------------------------------------------------
    Datapath listing
    ------------------------------------------------------------

    datapathcell: Name =\UART_1:BUART:sTX:TxShifter:u0\
        PORT MAP (
            clock => \UART_1:Net_9\ ,
            cs_addr_2 => \UART_1:BUART:tx_state_1\ ,
            cs_addr_1 => \UART_1:BUART:tx_state_0\ ,
            cs_addr_0 => \UART_1:BUART:tx_bitclk_enable_pre\ ,
            so_comb => \UART_1:BUART:tx_shift_out\ ,
            f0_bus_stat_comb => \UART_1:BUART:tx_fifo_notfull\ ,
            f0_blk_stat_comb => \UART_1:BUART:tx_fifo_empty\ );
        Properties:
        {
            a0_init = "00000000"
            a1_init = "00000000"
            ce0_sync = 1
            ce1_sync = 1
            cl0_sync = 1
            cl1_sync = 1
            cmsb_sync = 1
            co_msb_sync = 1
            cy_dpconfig = "0000000000000000000000000000000000000000000000000000000011000000000000000000000000000010010000000000000000000000000000000000000011111111000000001111111111111111000000000000000001000100111100000000000000001100"
            d0_init = "00000000"
            d1_init = "00000000"
            f0_blk_sync = 1
            f0_bus_sync = 1
            f1_blk_sync = 1
            f1_bus_sync = 1
            ff0_sync = 1
            ff1_sync = 1
            ov_msb_sync = 1
            so_sync = 1
            z0_sync = 1
            z1_sync = 1
        }
        Clock Polarity: Active High
        Clock Enable: True

    datapathcell: Name =\UART_1:BUART:sTX:sCLOCK:TxBitClkGen\
        PORT MAP (
            clock => \UART_1:Net_9\ ,
            cs_addr_0 => \UART_1:BUART:counter_load_not\ ,
            ce0_reg => \UART_1:BUART:tx_bitclk_enable_pre\ ,
            ce1_reg => \UART_1:BUART:tx_counter_dp\ );
        Properties:
        {
            a0_init = "00000000"
            a1_init = "00000000"
            ce0_sync = 1
            ce1_sync = 1
            cl0_sync = 1
            cl1_sync = 1
            cmsb_sync = 1
            co_msb_sync = 1
            cy_dpconfig = "1010100001000000001000000100000000000000000000000000000000000000000000000000000000000000000000000000000000000000000000000000000011111111000000001111111100001111001000000100000000000101111100000000000000001000"
            d0_init = "00000000"
            d1_init = "00000000"
            f0_blk_sync = 1
            f0_bus_sync = 1
            f1_blk_sync = 1
            f1_bus_sync = 1
            ff0_sync = 1
            ff1_sync = 1
            ov_msb_sync = 1
            so_sync = 1
            z0_sync = 1
            z1_sync = 1
        }
        Clock Polarity: Active High
        Clock Enable: True

    datapathcell: Name =\UART_1:BUART:sRX:RxShifter:u0\
        PORT MAP (
            clock => \UART_1:Net_9\ ,
            cs_addr_2 => \UART_1:BUART:tx_ctrl_mark_last\ ,
            cs_addr_1 => \UART_1:BUART:rx_state_0\ ,
            cs_addr_0 => \UART_1:BUART:rx_bitclk_enable\ ,
            route_si => \UART_1:BUART:rx_postpoll\ ,
            f0_load => \UART_1:BUART:rx_load_fifo\ ,
            f0_bus_stat_comb => \UART_1:BUART:rx_fifonotempty\ ,
            f0_blk_stat_comb => \UART_1:BUART:rx_fifofull\ );
        Properties:
        {
            a0_init = "00000000"
            a1_init = "00000000"
            ce0_sync = 1
            ce1_sync = 1
            cl0_sync = 1
            cl1_sync = 1
            cmsb_sync = 1
            co_msb_sync = 1
            cy_dpconfig = "0000000000000000000000000000000000000000000000000000001001000000000100000000000000010000001100000001000000000000000100100001000011111111000000001111111111111111101000000110001001000001111100000000000000001100"
            d0_init = "00000000"
            d1_init = "00000000"
            f0_blk_sync = 1
            f0_bus_sync = 1
            f1_blk_sync = 1
            f1_bus_sync = 1
            ff0_sync = 1
            ff1_sync = 1
            ov_msb_sync = 1
            so_sync = 1
            z0_sync = 1
            z1_sync = 1
        }
        Clock Polarity: Active High
        Clock Enable: True
    </CYPRESSTAG>
    <CYPRESSTAG name="Status register listing">
    </CYPRESSTAG>
    <CYPRESSTAG name="StatusI register listing">

    ------------------------------------------------------------
    StatusI register listing
    ------------------------------------------------------------

    statusicell: Name =\UART_1:BUART:sTX:TxSts\
        PORT MAP (
            clock => \UART_1:Net_9\ ,
            status_3 => \UART_1:BUART:tx_fifo_notfull\ ,
            status_2 => \UART_1:BUART:tx_status_2\ ,
            status_1 => \UART_1:BUART:tx_fifo_empty\ ,
            status_0 => \UART_1:BUART:tx_status_0\ ,
            interrupt => Net_25 );
        Properties:
        {
            cy_force_order = 1
            cy_int_mask = "1111111"
            cy_md_select = "0000001"
        }
        Clock Polarity: Active High
        Clock Enable: True

    statusicell: Name =\UART_1:BUART:sRX:RxSts\
        PORT MAP (
            clock => \UART_1:Net_9\ ,
            status_5 => \UART_1:BUART:rx_status_5\ ,
            status_4 => \UART_1:BUART:rx_status_4\ ,
            status_3 => \UART_1:BUART:rx_status_3\ ,
            interrupt => Net_26 );
        Properties:
        {
            cy_force_order = 1
            cy_int_mask = "1111111"
            cy_md_select = "1011111"
        }
        Clock Polarity: Active High
        Clock Enable: True
    </CYPRESSTAG>
    <CYPRESSTAG name="Sync listing">
    </CYPRESSTAG>
    <CYPRESSTAG name="Control register listing">
    </CYPRESSTAG>
    <CYPRESSTAG name="Count7 listing">

    ------------------------------------------------------------
    Count7 listing
    ------------------------------------------------------------

    count7cell: Name =\UART_1:BUART:sRX:RxBitCounter\
        PORT MAP (
            clock => \UART_1:Net_9\ ,
            load => \UART_1:BUART:rx_counter_load\ ,
            count_6 => \UART_1:BUART:rx_count_6\ ,
            count_5 => \UART_1:BUART:rx_count_5\ ,
            count_4 => \UART_1:BUART:rx_count_4\ ,
            count_3 => \UART_1:BUART:rx_count_3\ ,
            count_2 => \UART_1:BUART:rx_count_2\ ,
            count_1 => \UART_1:BUART:rx_count_1\ ,
            count_0 => \UART_1:BUART:rx_count_0\ ,
            tc => \UART_1:BUART:rx_count7_tc\ );
        Properties:
        {
            cy_alt_mode = 0
            cy_init_value = "0000000"
            cy_period = "1110110"
            cy_route_en = 1
            cy_route_ld = 1
        }
        Clock Polarity: Active High
        Clock Enable: True
    </CYPRESSTAG>
    <CYPRESSTAG name="DRQ listing">
    </CYPRESSTAG>
    <CYPRESSTAG name="Interrupt listing">

    ------------------------------------------------------------
    Interrupt listing
    ------------------------------------------------------------

    interrupt: Name =isr_tx
        PORT MAP (
            interrupt => Net_25 );
        Properties:
        {
            int_type = "10"
            is_nmi = 0
        }

    interrupt: Name =isr_rx
        PORT MAP (
            interrupt => Net_26 );
        Properties:
        {
            int_type = "10"
            is_nmi = 0
        }

    interrupt: Name =isr_b1
        PORT MAP (
            interrupt => Net_157 );
        Properties:
        {
            int_type = "00"
            is_nmi = 0
        }

    interrupt: Name =isr_b2
        PORT MAP (
            interrupt => Net_185 );
        Properties:
        {
            int_type = "00"
            is_nmi = 0
        }

    interrupt: Name =isr_b3
        PORT MAP (
            interrupt => Net_97 );
        Properties:
        {
            int_type = "10"
            is_nmi = 0
        }

    interrupt: Name =isr_clkDigits
        PORT MAP (
            interrupt => Net_154 );
        Properties:
        {
            int_type = "10"
            is_nmi = 0
        }
    </CYPRESSTAG>
</CYPRESSTAG>
<CYPRESSTAG name="Technology mapping summary" expanded>

------------------------------------------------------------
Technology mapping summary
------------------------------------------------------------

Resource Type                 : Used : Free :  Max :  % Used
============================================================
Digital Clocks                :    3 :    5 :    8 : 37.50 %
Analog Clocks                 :    0 :    4 :    4 :  0.00 %
CapSense Buffers              :    0 :    2 :    2 :  0.00 %
Digital Filter Block          :    0 :    1 :    1 :  0.00 %
Interrupts                    :    6 :   26 :   32 : 18.75 %
IO                            :   31 :   17 :   48 : 64.58 %
Segment LCD                   :    0 :    1 :    1 :  0.00 %
CAN 2.0b                      :    0 :    1 :    1 :  0.00 %
I2C                           :    0 :    1 :    1 :  0.00 %
USB                           :    0 :    1 :    1 :  0.00 %
DMA Channels                  :    0 :   24 :   24 :  0.00 %
Timer                         :    1 :    3 :    4 : 25.00 %
UDB                           :      :      :      :        
  Macrocells                  :   29 :  163 :  192 : 15.10 %
  Unique P-terms              :   59 :  325 :  384 : 15.36 %
  Total P-terms               :   69 :      :      :        
  Datapath Cells              :    3 :   21 :   24 : 12.50 %
  Status Cells                :    3 :   21 :   24 : 12.50 %
    StatusI Registers         :    2 :      :      :        
    Routed Count7 Load/Enable :    1 :      :      :        
  Control Cells               :    1 :   23 :   24 :  4.17 %
    Count7 Cells              :    1 :      :      :        
Opamp                         :    3 :    1 :    4 : 75.00 %
Comparator                    :    0 :    4 :    4 :  0.00 %
Delta-Sigma ADC               :    0 :    1 :    1 :  0.00 %
LPF                           :    0 :    2 :    2 :  0.00 %
SAR ADC                       :    0 :    2 :    2 :  0.00 %
Analog (SC/CT) Blocks         :    0 :    4 :    4 :  0.00 %
DAC                           :      :      :      :        
  VIDAC                       :    0 :    4 :    4 :  0.00 %
</CYPRESSTAG>
Technology Mapping: Elapsed time ==> 0s.172ms
Tech Mapping phase: Elapsed time ==> 0s.285ms
</CYPRESSTAG>
<CYPRESSTAG name="Analog Placement">
Initial Analog Placement Results:
IO_2@[IOP=(2)][IoId=(2)] : BOTON(0) (fixed)
IO_6@[IOP=(0)][IoId=(6)] : BOTONES(0) (fixed)
IO_7@[IOP=(0)][IoId=(7)] : BOTONES(1) (fixed)
IO_4@[IOP=(2)][IoId=(4)] : DIGITOS(0) (fixed)
IO_5@[IOP=(2)][IoId=(5)] : DIGITOS(1) (fixed)
IO_6@[IOP=(2)][IoId=(6)] : DIGITOS(2) (fixed)
IO_7@[IOP=(2)][IoId=(7)] : DIGITOS(3) (fixed)
IO_3@[IOP=(0)][IoId=(3)] : INVERSOR_1(0) (fixed)
IO_2@[IOP=(3)][IoId=(2)] : INVERSOR_2(0) (fixed)
IO_5@[IOP=(0)][IoId=(5)] : INVERSOR_3(0) (fixed)
IO_5@[IOP=(12)][IoId=(5)] : LED_LSB(0) (fixed)
IO_0@[IOP=(2)][IoId=(0)] : LED_MSB(0) (fixed)
IO_6@[IOP=(12)][IoId=(6)] : Rx_1(0) (fixed)
IO_2@[IOP=(0)][IoId=(2)] : SENSOR_1(0) (fixed)
IO_3@[IOP=(3)][IoId=(3)] : SENSOR_2(0) (fixed)
IO_4@[IOP=(0)][IoId=(4)] : SENSOR_3(0) (fixed)
IO_2@[IOP=(1)][IoId=(2)] : SS_A(0) (fixed)
IO_3@[IOP=(12)][IoId=(3)] : SS_B(0) (fixed)
IO_2@[IOP=(12)][IoId=(2)] : SS_C(0) (fixed)
IO_3@[IOP=(2)][IoId=(3)] : SS_D(0) (fixed)
IO_4@[IOP=(1)][IoId=(4)] : SS_E(0) (fixed)
IO_5@[IOP=(1)][IoId=(5)] : SS_F(0) (fixed)
IO_6@[IOP=(1)][IoId=(6)] : SS_G(0) (fixed)
IO_7@[IOP=(1)][IoId=(7)] : SS_P(0) (fixed)
IO_7@[IOP=(12)][IoId=(7)] : Tx_1(0) (fixed)
IO_1@[IOP=(0)][IoId=(1)] : Vout_1(0) (fixed)
IO_7@[IOP=(3)][IoId=(7)] : Vout_2(0) (fixed)
IO_0@[IOP=(0)][IoId=(0)] : Vout_3(0) (fixed)
OpAmp[2]@[FFB(OpAmp,2)] : \Opamp_3:ABuf\ (fixed)
OpAmp[3]@[FFB(OpAmp,3)] : \Opamp_2:ABuf\ (fixed)
OpAmp[0]@[FFB(OpAmp,0)] : \Opamp_1:ABuf\ (fixed)
Analog Placement Results:
IO_2@[IOP=(2)][IoId=(2)] : BOTON(0) (fixed)
IO_6@[IOP=(0)][IoId=(6)] : BOTONES(0) (fixed)
IO_7@[IOP=(0)][IoId=(7)] : BOTONES(1) (fixed)
IO_4@[IOP=(2)][IoId=(4)] : DIGITOS(0) (fixed)
IO_5@[IOP=(2)][IoId=(5)] : DIGITOS(1) (fixed)
IO_6@[IOP=(2)][IoId=(6)] : DIGITOS(2) (fixed)
IO_7@[IOP=(2)][IoId=(7)] : DIGITOS(3) (fixed)
IO_3@[IOP=(0)][IoId=(3)] : INVERSOR_1(0) (fixed)
IO_2@[IOP=(3)][IoId=(2)] : INVERSOR_2(0) (fixed)
IO_5@[IOP=(0)][IoId=(5)] : INVERSOR_3(0) (fixed)
IO_5@[IOP=(12)][IoId=(5)] : LED_LSB(0) (fixed)
IO_0@[IOP=(2)][IoId=(0)] : LED_MSB(0) (fixed)
IO_6@[IOP=(12)][IoId=(6)] : Rx_1(0) (fixed)
IO_2@[IOP=(0)][IoId=(2)] : SENSOR_1(0) (fixed)
IO_3@[IOP=(3)][IoId=(3)] : SENSOR_2(0) (fixed)
IO_4@[IOP=(0)][IoId=(4)] : SENSOR_3(0) (fixed)
IO_2@[IOP=(1)][IoId=(2)] : SS_A(0) (fixed)
IO_3@[IOP=(12)][IoId=(3)] : SS_B(0) (fixed)
IO_2@[IOP=(12)][IoId=(2)] : SS_C(0) (fixed)
IO_3@[IOP=(2)][IoId=(3)] : SS_D(0) (fixed)
IO_4@[IOP=(1)][IoId=(4)] : SS_E(0) (fixed)
IO_5@[IOP=(1)][IoId=(5)] : SS_F(0) (fixed)
IO_6@[IOP=(1)][IoId=(6)] : SS_G(0) (fixed)
IO_7@[IOP=(1)][IoId=(7)] : SS_P(0) (fixed)
IO_7@[IOP=(12)][IoId=(7)] : Tx_1(0) (fixed)
IO_1@[IOP=(0)][IoId=(1)] : Vout_1(0) (fixed)
IO_7@[IOP=(3)][IoId=(7)] : Vout_2(0) (fixed)
IO_0@[IOP=(0)][IoId=(0)] : Vout_3(0) (fixed)
OpAmp[2]@[FFB(OpAmp,2)] : \Opamp_3:ABuf\ (fixed)
OpAmp[3]@[FFB(OpAmp,3)] : \Opamp_2:ABuf\ (fixed)
OpAmp[0]@[FFB(OpAmp,0)] : \Opamp_1:ABuf\ (fixed)

Analog Placement phase: Elapsed time ==> 0s.130ms
</CYPRESSTAG>
<CYPRESSTAG name="Analog Routing">
Analog Routing phase: Elapsed time ==> 0s.000ms
</CYPRESSTAG>
<CYPRESSTAG name="Analog Code Generation">
============ Analog Final Answer Routes ============
Dump of CyAnalogRoutingResultsDB
Map of net to items {
  Net: Net_29 {
    opamp_0_vplus
    opamp_0_vplus_x_p0_2
    p0_2
  }
  Net: Net_70 {
    opamp_3_vplus
    opamp_3_vplus_x_p3_3
    p3_3
  }
  Net: Net_74 {
    opamp_2_vplus
    opamp_2_vplus_x_p0_4
    p0_4
  }
  Net: Net_88 {
    p0_1
    opamp_0_vminus_x_p0_1
    opamp_0_vminus
  }
  Net: Net_69 {
    p3_7
    opamp_3_vminus_x_p3_7
    opamp_3_vminus
  }
  Net: Net_90 {
    p0_0
    opamp_2_vminus_x_p0_0
    opamp_2_vminus
  }
}
Map of item to net {
  opamp_0_vplus                                    -> Net_29
  opamp_0_vplus_x_p0_2                             -> Net_29
  p0_2                                             -> Net_29
  opamp_3_vplus                                    -> Net_70
  opamp_3_vplus_x_p3_3                             -> Net_70
  p3_3                                             -> Net_70
  opamp_2_vplus                                    -> Net_74
  opamp_2_vplus_x_p0_4                             -> Net_74
  p0_4                                             -> Net_74
  p0_1                                             -> Net_88
  opamp_0_vminus_x_p0_1                            -> Net_88
  opamp_0_vminus                                   -> Net_88
  p3_7                                             -> Net_69
  opamp_3_vminus_x_p3_7                            -> Net_69
  opamp_3_vminus                                   -> Net_69
  p0_0                                             -> Net_90
  opamp_2_vminus_x_p0_0                            -> Net_90
  opamp_2_vminus                                   -> Net_90
}
Mux Info {
}
Dump of CyP35AnalogRoutingResultsDB
IsVddaHalfUsedForComp = False
IsVddaHalfUsedForSar0 = False
IsVddaHalfUsedForSar1 = False
Analog Code Generation phase: Elapsed time ==> 0s.359ms
</CYPRESSTAG>
<CYPRESSTAG name="Digital Placement">
<CYPRESSTAG name="Detailed placement messages">
I2076: Total run-time: 1.1 sec.

</CYPRESSTAG>
<CYPRESSTAG name="PLD Packing">
<CYPRESSTAG name="PLD Packing Summary" expanded>

------------------------------------------------------------
PLD Packing Summary
------------------------------------------------------------
            Resource Type : Used : Free :  Max :  % Used
    ====================================================
                     PLDs :   17 :   31 :   48 :  35.42%

<CYPRESSTAG name="PLD Statistics">

        PLD Resource Type :     Average/LAB
    =======================================
                   Inputs :            6.88
                   Pterms :            4.06
               Macrocells :            1.71
</CYPRESSTAG>
<CYPRESSTAG name="Packed PLD Contents">
Packed PLD Contents not displayed at this verbose level.</CYPRESSTAG>
</CYPRESSTAG>
PLD Packing: Elapsed time ==> 0s.000ms
</CYPRESSTAG>
<CYPRESSTAG name="Partitioning">
<CYPRESSTAG name="Initial Partitioning Summary">
Initial Partitioning Summary not displayed at this verbose level.</CYPRESSTAG>
<CYPRESSTAG name="Final Partitioning Summary">
Final Partitioning Summary not displayed at this verbose level.</CYPRESSTAG>
Partitioning: Elapsed time ==> 0s.076ms
</CYPRESSTAG>
<CYPRESSTAG name="Final Placement Summary">

------------------------------------------------------------
Final Placement Summary
------------------------------------------------------------

       Resource Type :      Count : Avg Inputs : Avg Outputs
    ========================================================
                 UDB :          9 :       9.78 :       3.22
<CYPRESSTAG name="Final Placement Details">
<CYPRESSTAG name="Component Details">

------------------------------------------------------------
Component Placement Details
------------------------------------------------------------
UDB [UDB=(0,0)] contents:
LAB@[UDB=(0,0)][LB=0] #macrocells=1, #inputs=8, #pterms=8
{
    [McSlotId=0]:     MacroCell: Name=\UART_1:BUART:pollcount_1_split\, Mode=(Combinatorial) @ [UDB=(0,0)][LB=0][MC=0]
        Total # of inputs        : 8
        Total # of product terms : 8
            Clock Enable: True
        Main Equation            : 8 pterms
        (
              !\UART_1:BUART:rx_count_3\ * !\UART_1:BUART:rx_count_2\ * 
              !\UART_1:BUART:rx_count_1\ * 
              !\UART_1:BUART:rx_count7_bit8_wire\ * 
              !\UART_1:BUART:pollcount_1\ * Net_5 * 
              \UART_1:BUART:pollcount_0\
            + !\UART_1:BUART:rx_count_3\ * !\UART_1:BUART:rx_count_2\ * 
              !\UART_1:BUART:rx_count_1\ * 
              !\UART_1:BUART:rx_count7_bit8_wire\ * 
              \UART_1:BUART:pollcount_1\ * !\UART_1:BUART:pollcount_0\
            + !\UART_1:BUART:rx_count_3\ * \UART_1:BUART:rx_count_2\ * 
              \UART_1:BUART:rx_count_1\ * \UART_1:BUART:rx_count_0\ * 
              \UART_1:BUART:rx_count7_bit8_wire\ * 
              !\UART_1:BUART:pollcount_1\ * Net_5 * 
              \UART_1:BUART:pollcount_0\
            + !\UART_1:BUART:rx_count_3\ * \UART_1:BUART:rx_count_2\ * 
              \UART_1:BUART:rx_count_1\ * \UART_1:BUART:rx_count_0\ * 
              \UART_1:BUART:rx_count7_bit8_wire\ * \UART_1:BUART:pollcount_1\ * 
              !Net_5
            + !\UART_1:BUART:rx_count_3\ * \UART_1:BUART:rx_count_2\ * 
              \UART_1:BUART:rx_count_1\ * \UART_1:BUART:rx_count_0\ * 
              \UART_1:BUART:rx_count7_bit8_wire\ * \UART_1:BUART:pollcount_1\ * 
              !\UART_1:BUART:pollcount_0\
            + \UART_1:BUART:rx_count_3\ * !\UART_1:BUART:rx_count_2\ * 
              !\UART_1:BUART:rx_count_1\ * !\UART_1:BUART:rx_count_0\ * 
              \UART_1:BUART:rx_count7_bit8_wire\ * 
              !\UART_1:BUART:pollcount_1\ * Net_5 * 
              \UART_1:BUART:pollcount_0\
            + \UART_1:BUART:rx_count_3\ * !\UART_1:BUART:rx_count_2\ * 
              !\UART_1:BUART:rx_count_1\ * !\UART_1:BUART:rx_count_0\ * 
              \UART_1:BUART:rx_count7_bit8_wire\ * \UART_1:BUART:pollcount_1\ * 
              !Net_5
            + \UART_1:BUART:rx_count_3\ * !\UART_1:BUART:rx_count_2\ * 
              !\UART_1:BUART:rx_count_1\ * !\UART_1:BUART:rx_count_0\ * 
              \UART_1:BUART:rx_count7_bit8_wire\ * \UART_1:BUART:pollcount_1\ * 
              !\UART_1:BUART:pollcount_0\
        );
        Output = \UART_1:BUART:pollcount_1_split\ (fanout=1)
        Properties               : 
        {
        }

    [McSlotId=1]: (empty)
    [McSlotId=2]: (empty)
    [McSlotId=3]: (empty)
}

LAB@[UDB=(0,0)][LB=1] #macrocells=2, #inputs=9, #pterms=8
{
    [McSlotId=0]:     MacroCell: Name=\UART_1:BUART:pollcount_0\, Mode=(D-Register) @ [UDB=(0,0)][LB=1][MC=0]
        Total # of inputs        : 7
        Total # of product terms : 6
        List of special equations: 
            Clock  = (\UART_1:Net_9\) => Global
            Clock Enable: True
        Main Equation            : 6 pterms
        (
              !\UART_1:BUART:rx_count_3\ * !\UART_1:BUART:rx_count_2\ * 
              !\UART_1:BUART:rx_count_1\ * 
              !\UART_1:BUART:rx_count7_bit8_wire\ * !Net_5 * 
              \UART_1:BUART:pollcount_0\
            + !\UART_1:BUART:rx_count_3\ * !\UART_1:BUART:rx_count_2\ * 
              !\UART_1:BUART:rx_count_1\ * 
              !\UART_1:BUART:rx_count7_bit8_wire\ * Net_5 * 
              !\UART_1:BUART:pollcount_0\
            + !\UART_1:BUART:rx_count_3\ * \UART_1:BUART:rx_count_2\ * 
              \UART_1:BUART:rx_count_1\ * \UART_1:BUART:rx_count_0\ * 
              \UART_1:BUART:rx_count7_bit8_wire\ * !Net_5 * 
              \UART_1:BUART:pollcount_0\
            + !\UART_1:BUART:rx_count_3\ * \UART_1:BUART:rx_count_2\ * 
              \UART_1:BUART:rx_count_1\ * \UART_1:BUART:rx_count_0\ * 
              \UART_1:BUART:rx_count7_bit8_wire\ * Net_5 * 
              !\UART_1:BUART:pollcount_0\
            + \UART_1:BUART:rx_count_3\ * !\UART_1:BUART:rx_count_2\ * 
              !\UART_1:BUART:rx_count_1\ * !\UART_1:BUART:rx_count_0\ * 
              \UART_1:BUART:rx_count7_bit8_wire\ * !Net_5 * 
              \UART_1:BUART:pollcount_0\
            + \UART_1:BUART:rx_count_3\ * !\UART_1:BUART:rx_count_2\ * 
              !\UART_1:BUART:rx_count_1\ * !\UART_1:BUART:rx_count_0\ * 
              \UART_1:BUART:rx_count7_bit8_wire\ * Net_5 * 
              !\UART_1:BUART:pollcount_0\
        );
        Output = \UART_1:BUART:pollcount_0\ (fanout=5)
        Properties               : 
        {
        }

    [McSlotId=1]:     MacroCell: Name=\UART_1:BUART:pollcount_1\, Mode=(D-Register) @ [UDB=(0,0)][LB=1][MC=1]
        Total # of inputs        : 7
        Total # of product terms : 2
        List of special equations: 
            Clock  = (\UART_1:Net_9\) => Global
            Clock Enable: True
        Main Equation            : 2 pterms
        (
              !\UART_1:BUART:rx_count_3\ * !\UART_1:BUART:rx_count_2\ * 
              !\UART_1:BUART:rx_count_1\ * 
              !\UART_1:BUART:rx_count7_bit8_wire\ * 
              \UART_1:BUART:pollcount_1\ * !Net_5
            + \UART_1:BUART:pollcount_1_split\
        );
        Output = \UART_1:BUART:pollcount_1\ (fanout=5)
        Properties               : 
        {
        }

    [McSlotId=2]: (empty)
    [McSlotId=3]: (empty)
}

UDB [UDB=(0,1)] contents:
LAB@[UDB=(0,1)][LB=0] #macrocells=4, #inputs=11, #pterms=8
{
    [McSlotId=0]:     MacroCell: Name=\UART_1:BUART:rx_last\, Mode=(D-Register) @ [UDB=(0,1)][LB=0][MC=0]
        Total # of inputs        : 1
        Total # of product terms : 1
        List of special equations: 
            Clock  = (\UART_1:Net_9\) => Global
            Clock Enable: True
        Main Equation            : 1 pterm
        (
              Net_5
        );
        Output = \UART_1:BUART:rx_last\ (fanout=1)
        Properties               : 
        {
        }

    [McSlotId=1]:     MacroCell: Name=\UART_1:BUART:rx_state_3\, Mode=(T-Register) @ [UDB=(0,1)][LB=0][MC=1]
        Total # of inputs        : 8
        Total # of product terms : 3
        List of special equations: 
            Clock  = (\UART_1:Net_9\) => Global
            Clock Enable: True
        Main Equation            : 3 pterms
        (
              !\UART_1:BUART:tx_ctrl_mark_last\ * !\UART_1:BUART:rx_state_0\ * 
              \UART_1:BUART:rx_bitclk_enable\ * \UART_1:BUART:rx_state_3\ * 
              \UART_1:BUART:rx_state_2\
            + !\UART_1:BUART:tx_ctrl_mark_last\ * \UART_1:BUART:rx_state_0\ * 
              !\UART_1:BUART:rx_state_3\ * !\UART_1:BUART:rx_state_2\ * 
              !\UART_1:BUART:rx_count_6\ * \UART_1:BUART:rx_count7_bit8_wire\
            + !\UART_1:BUART:tx_ctrl_mark_last\ * \UART_1:BUART:rx_state_0\ * 
              !\UART_1:BUART:rx_state_3\ * !\UART_1:BUART:rx_state_2\ * 
              !\UART_1:BUART:rx_count_5\ * \UART_1:BUART:rx_count7_bit8_wire\
        );
        Output = \UART_1:BUART:rx_state_3\ (fanout=8)
        Properties               : 
        {
        }

    [McSlotId=2]:     MacroCell: Name=\UART_1:BUART:rx_status_3\, Mode=(D-Register) @ [UDB=(0,1)][LB=0][MC=2]
        Total # of inputs        : 8
        Total # of product terms : 2
        List of special equations: 
            Clock  = (\UART_1:Net_9\) => Global
            Clock Enable: True
        Main Equation            : 2 pterms
        (
              !\UART_1:BUART:tx_ctrl_mark_last\ * !\UART_1:BUART:rx_state_0\ * 
              \UART_1:BUART:rx_bitclk_enable\ * \UART_1:BUART:rx_state_3\ * 
              \UART_1:BUART:rx_state_2\ * !\UART_1:BUART:pollcount_1\ * 
              !Net_5
            + !\UART_1:BUART:tx_ctrl_mark_last\ * !\UART_1:BUART:rx_state_0\ * 
              \UART_1:BUART:rx_bitclk_enable\ * \UART_1:BUART:rx_state_3\ * 
              \UART_1:BUART:rx_state_2\ * !\UART_1:BUART:pollcount_1\ * 
              !\UART_1:BUART:pollcount_0\
        );
        Output = \UART_1:BUART:rx_status_3\ (fanout=1)
        Properties               : 
        {
        }

    [McSlotId=3]:     MacroCell: Name=\UART_1:BUART:rx_postpoll\, Mode=(Combinatorial) @ [UDB=(0,1)][LB=0][MC=3]
        Total # of inputs        : 3
        Total # of product terms : 2
            Clock Enable: True
        Main Equation            : 2 pterms
        (
              \UART_1:BUART:pollcount_1\
            + Net_5 * \UART_1:BUART:pollcount_0\
        );
        Output = \UART_1:BUART:rx_postpoll\ (fanout=1)
        Properties               : 
        {
        }
}

LAB@[UDB=(0,1)][LB=1] #macrocells=2, #inputs=8, #pterms=3
{
    [McSlotId=0]: (empty)
    [McSlotId=1]:     MacroCell: Name=\UART_1:BUART:rx_load_fifo\, Mode=(D-Register) @ [UDB=(0,1)][LB=1][MC=1]
        Total # of inputs        : 8
        Total # of product terms : 3
        List of special equations: 
            Clock  = (\UART_1:Net_9\) => Global
            Clock Enable: True
        Main Equation            : 3 pterms
        (
              !\UART_1:BUART:tx_ctrl_mark_last\ * !\UART_1:BUART:rx_state_0\ * 
              \UART_1:BUART:rx_bitclk_enable\ * \UART_1:BUART:rx_state_3\ * 
              !\UART_1:BUART:rx_state_2\
            + !\UART_1:BUART:tx_ctrl_mark_last\ * \UART_1:BUART:rx_state_0\ * 
              !\UART_1:BUART:rx_state_3\ * !\UART_1:BUART:rx_state_2\ * 
              !\UART_1:BUART:rx_count_6\ * \UART_1:BUART:rx_count7_bit8_wire\
            + !\UART_1:BUART:tx_ctrl_mark_last\ * \UART_1:BUART:rx_state_0\ * 
              !\UART_1:BUART:rx_state_3\ * !\UART_1:BUART:rx_state_2\ * 
              !\UART_1:BUART:rx_count_5\ * \UART_1:BUART:rx_count7_bit8_wire\
        );
        Output = \UART_1:BUART:rx_load_fifo\ (fanout=2)
        Properties               : 
        {
        }

    [McSlotId=2]: (empty)
    [McSlotId=3]:     MacroCell: Name=\UART_1:BUART:tx_ctrl_mark_last\, Mode=(T-Register) @ [UDB=(0,1)][LB=1][MC=3]
        Total # of inputs        : 0
        Total # of product terms : 0
        List of special equations: 
            Clock  = (\UART_1:Net_9\) => Global
            Clock Enable: True
        Main Equation            : 0 pterms
        (
            0
        );
        Output = \UART_1:BUART:tx_ctrl_mark_last\ (fanout=9)
        Properties               : 
        {
        }
}

datapathcell: Name =\UART_1:BUART:sRX:RxShifter:u0\
    PORT MAP (
        clock => \UART_1:Net_9\ ,
        cs_addr_2 => \UART_1:BUART:tx_ctrl_mark_last\ ,
        cs_addr_1 => \UART_1:BUART:rx_state_0\ ,
        cs_addr_0 => \UART_1:BUART:rx_bitclk_enable\ ,
        route_si => \UART_1:BUART:rx_postpoll\ ,
        f0_load => \UART_1:BUART:rx_load_fifo\ ,
        f0_bus_stat_comb => \UART_1:BUART:rx_fifonotempty\ ,
        f0_blk_stat_comb => \UART_1:BUART:rx_fifofull\ );
    Properties:
    {
        a0_init = "00000000"
        a1_init = "00000000"
        ce0_sync = 1
        ce1_sync = 1
        cl0_sync = 1
        cl1_sync = 1
        cmsb_sync = 1
        co_msb_sync = 1
        cy_dpconfig = "0000000000000000000000000000000000000000000000000000001001000000000100000000000000010000001100000001000000000000000100100001000011111111000000001111111111111111101000000110001001000001111100000000000000001100"
        d0_init = "00000000"
        d1_init = "00000000"
        f0_blk_sync = 1
        f0_bus_sync = 1
        f1_blk_sync = 1
        f1_bus_sync = 1
        ff0_sync = 1
        ff1_sync = 1
        ov_msb_sync = 1
        so_sync = 1
        z0_sync = 1
        z1_sync = 1
    }
    Clock Polarity: Active High
    Clock Enable: True

UDB [UDB=(0,2)] contents:
LAB@[UDB=(0,2)][LB=0] #macrocells=1, #inputs=11, #pterms=4
{
    [McSlotId=0]:     MacroCell: Name=\UART_1:BUART:rx_state_0\, Mode=(T-Register) @ [UDB=(0,2)][LB=0][MC=0]
        Total # of inputs        : 11
        Total # of product terms : 4
        List of special equations: 
            Clock  = (\UART_1:Net_9\) => Global
            Clock Enable: True
        Main Equation            : 4 pterms
        (
              !\UART_1:BUART:tx_ctrl_mark_last\ * !\UART_1:BUART:rx_state_0\ * 
              \UART_1:BUART:rx_bitclk_enable\ * !\UART_1:BUART:rx_state_3\ * 
              \UART_1:BUART:rx_state_2\ * !\UART_1:BUART:pollcount_1\ * 
              !Net_5
            + !\UART_1:BUART:tx_ctrl_mark_last\ * !\UART_1:BUART:rx_state_0\ * 
              \UART_1:BUART:rx_bitclk_enable\ * !\UART_1:BUART:rx_state_3\ * 
              \UART_1:BUART:rx_state_2\ * !\UART_1:BUART:pollcount_1\ * 
              !\UART_1:BUART:pollcount_0\
            + !\UART_1:BUART:tx_ctrl_mark_last\ * \UART_1:BUART:rx_state_0\ * 
              !\UART_1:BUART:rx_state_3\ * !\UART_1:BUART:rx_state_2\ * 
              !\UART_1:BUART:rx_count_6\ * \UART_1:BUART:rx_count7_bit8_wire\
            + !\UART_1:BUART:tx_ctrl_mark_last\ * \UART_1:BUART:rx_state_0\ * 
              !\UART_1:BUART:rx_state_3\ * !\UART_1:BUART:rx_state_2\ * 
              !\UART_1:BUART:rx_count_5\ * \UART_1:BUART:rx_count7_bit8_wire\
        );
        Output = \UART_1:BUART:rx_state_0\ (fanout=9)
        Properties               : 
        {
        }

    [McSlotId=1]: (empty)
    [McSlotId=2]: (empty)
    [McSlotId=3]: (empty)
}

LAB@[UDB=(0,2)][LB=1] #macrocells=2, #inputs=9, #pterms=3
{
    [McSlotId=0]:     MacroCell: Name=\UART_1:BUART:rx_bitclk_enable\, Mode=(D-Register) @ [UDB=(0,2)][LB=1][MC=0]
        Total # of inputs        : 5
        Total # of product terms : 2
        List of special equations: 
            Clock  = (\UART_1:Net_9\) => Global
            Clock Enable: True
        Main Equation            : 2 pterms
        (
              !\UART_1:BUART:rx_count_3\ * !\UART_1:BUART:rx_count_2\ * 
              !\UART_1:BUART:rx_count_1\ * !\UART_1:BUART:rx_count_0\ * 
              !\UART_1:BUART:rx_count7_bit8_wire\
            + !\UART_1:BUART:rx_count_3\ * \UART_1:BUART:rx_count_2\ * 
              \UART_1:BUART:rx_count_1\ * \UART_1:BUART:rx_count_0\ * 
              \UART_1:BUART:rx_count7_bit8_wire\
        );
        Output = \UART_1:BUART:rx_bitclk_enable\ (fanout=6)
        Properties               : 
        {
        }

    [McSlotId=1]:     MacroCell: Name=\UART_1:BUART:rx_counter_load\, Mode=(Combinatorial) @ [UDB=(0,2)][LB=1][MC=1]
        Total # of inputs        : 4
        Total # of product terms : 1
            Clock Enable: True
        Main Equation            : 1 pterm
        (
              !\UART_1:BUART:tx_ctrl_mark_last\ * !\UART_1:BUART:rx_state_0\ * 
              !\UART_1:BUART:rx_state_3\ * !\UART_1:BUART:rx_state_2\
        );
        Output = \UART_1:BUART:rx_counter_load\ (fanout=2)
        Properties               : 
        {
        }

    [McSlotId=2]: (empty)
    [McSlotId=3]: (empty)
}

count7cell: Name =\UART_1:BUART:sRX:RxBitCounter\
    PORT MAP (
        clock => \UART_1:Net_9\ ,
        load => \UART_1:BUART:rx_counter_load\ ,
        count_6 => \UART_1:BUART:rx_count_6\ ,
        count_5 => \UART_1:BUART:rx_count_5\ ,
        count_4 => \UART_1:BUART:rx_count_4\ ,
        count_3 => \UART_1:BUART:rx_count_3\ ,
        count_2 => \UART_1:BUART:rx_count_2\ ,
        count_1 => \UART_1:BUART:rx_count_1\ ,
        count_0 => \UART_1:BUART:rx_count_0\ ,
        tc => \UART_1:BUART:rx_count7_tc\ );
    Properties:
    {
        cy_alt_mode = 0
        cy_init_value = "0000000"
        cy_period = "1110110"
        cy_route_en = 1
        cy_route_ld = 1
    }
    Clock Polarity: Active High
    Clock Enable: True

UDB [UDB=(0,3)] contents:
LAB@[UDB=(0,3)][LB=0] #macrocells=1, #inputs=10, #pterms=5
{
    [McSlotId=0]:     MacroCell: Name=\UART_1:BUART:rx_state_2\, Mode=(T-Register) @ [UDB=(0,3)][LB=0][MC=0]
        Total # of inputs        : 10
        Total # of product terms : 5
        List of special equations: 
            Clock  = (\UART_1:Net_9\) => Global
            Clock Enable: True
        Main Equation            : 5 pterms
        (
              !\UART_1:BUART:tx_ctrl_mark_last\ * !\UART_1:BUART:rx_state_0\ * 
              \UART_1:BUART:rx_bitclk_enable\ * \UART_1:BUART:rx_state_3\
            + !\UART_1:BUART:tx_ctrl_mark_last\ * !\UART_1:BUART:rx_state_0\ * 
              \UART_1:BUART:rx_bitclk_enable\ * \UART_1:BUART:rx_state_2\
            + !\UART_1:BUART:tx_ctrl_mark_last\ * !\UART_1:BUART:rx_state_0\ * 
              !\UART_1:BUART:rx_state_3\ * !\UART_1:BUART:rx_state_2\ * 
              !Net_5 * \UART_1:BUART:rx_last\
            + !\UART_1:BUART:tx_ctrl_mark_last\ * \UART_1:BUART:rx_state_0\ * 
              !\UART_1:BUART:rx_state_3\ * !\UART_1:BUART:rx_state_2\ * 
              !\UART_1:BUART:rx_count_6\ * \UART_1:BUART:rx_count7_bit8_wire\
            + !\UART_1:BUART:tx_ctrl_mark_last\ * \UART_1:BUART:rx_state_0\ * 
              !\UART_1:BUART:rx_state_3\ * !\UART_1:BUART:rx_state_2\ * 
              !\UART_1:BUART:rx_count_5\ * \UART_1:BUART:rx_count7_bit8_wire\
        );
        Output = \UART_1:BUART:rx_state_2\ (fanout=8)
        Properties               : 
        {
        }

    [McSlotId=1]: (empty)
    [McSlotId=2]: (empty)
    [McSlotId=3]: (empty)
}

LAB@[UDB=(0,3)][LB=1] #macrocells=2, #inputs=2, #pterms=2
{
    [McSlotId=0]:     MacroCell: Name=Net_157, Mode=(D-Register) @ [UDB=(0,3)][LB=1][MC=0]
        Total # of inputs        : 1
        Total # of product terms : 1
        List of special equations: 
            Clock  = (Net_179) => Global
            Clock Enable: True
        Main Equation            : 1 pterm
        (
              Net_155
        );
        Output = Net_157 (fanout=1)
        Properties               : 
        {
        }

    [McSlotId=1]: (empty)
    [McSlotId=2]:     MacroCell: Name=Net_9, Mode=(Combinatorial) @ [UDB=(0,3)][LB=1][MC=2]
        Total # of inputs        : 1
        Total # of product terms : 1
            Clock Enable: True
        Main Equation            : 1 pterm
        (
              !\UART_1:BUART:txn\
        );
        Output = Net_9 (fanout=1)
        Properties               : 
        {
        }

    [McSlotId=3]: (empty)
}

UDB [UDB=(0,4)] is empty.
UDB [UDB=(0,5)] is empty.
UDB [UDB=(1,0)] contents:
LAB@[UDB=(1,0)][LB=0] #macrocells=1, #inputs=5, #pterms=1
{
    [McSlotId=0]: (empty)
    [McSlotId=1]:     MacroCell: Name=\UART_1:BUART:tx_status_0\, Mode=(Combinatorial) @ [UDB=(1,0)][LB=0][MC=1]
        Total # of inputs        : 5
        Total # of product terms : 1
            Clock Enable: True
        Main Equation            : 1 pterm
        (
              !\UART_1:BUART:tx_state_1\ * !\UART_1:BUART:tx_state_0\ * 
              \UART_1:BUART:tx_bitclk_enable_pre\ * 
              \UART_1:BUART:tx_fifo_empty\ * \UART_1:BUART:tx_state_2\
        );
        Output = \UART_1:BUART:tx_status_0\ (fanout=1)
        Properties               : 
        {
        }

    [McSlotId=2]: (empty)
    [McSlotId=3]: (empty)
}

LAB@[UDB=(1,0)][LB=1] #macrocells=2, #inputs=5, #pterms=3
{
    [McSlotId=0]:     MacroCell: Name=\UART_1:BUART:counter_load_not\, Mode=(Combinatorial) @ [UDB=(1,0)][LB=1][MC=0]
        Total # of inputs        : 4
        Total # of product terms : 2
            Clock Enable: True
        Main Equation            : 2 pterms
        !(
              !\UART_1:BUART:tx_state_1\ * !\UART_1:BUART:tx_state_0\ * 
              \UART_1:BUART:tx_bitclk_enable_pre\
            + !\UART_1:BUART:tx_state_1\ * !\UART_1:BUART:tx_state_0\ * 
              !\UART_1:BUART:tx_state_2\
        );
        Output = \UART_1:BUART:counter_load_not\ (fanout=1)
        Properties               : 
        {
        }

    [McSlotId=1]: (empty)
    [McSlotId=2]:     MacroCell: Name=\UART_1:BUART:tx_status_2\, Mode=(Combinatorial) @ [UDB=(1,0)][LB=1][MC=2]
        Total # of inputs        : 1
        Total # of product terms : 1
            Clock Enable: True
        Main Equation            : 1 pterm
        (
              !\UART_1:BUART:tx_fifo_notfull\
        );
        Output = \UART_1:BUART:tx_status_2\ (fanout=1)
        Properties               : 
        {
        }

    [McSlotId=3]: (empty)
}

datapathcell: Name =\UART_1:BUART:sTX:TxShifter:u0\
    PORT MAP (
        clock => \UART_1:Net_9\ ,
        cs_addr_2 => \UART_1:BUART:tx_state_1\ ,
        cs_addr_1 => \UART_1:BUART:tx_state_0\ ,
        cs_addr_0 => \UART_1:BUART:tx_bitclk_enable_pre\ ,
        so_comb => \UART_1:BUART:tx_shift_out\ ,
        f0_bus_stat_comb => \UART_1:BUART:tx_fifo_notfull\ ,
        f0_blk_stat_comb => \UART_1:BUART:tx_fifo_empty\ );
    Properties:
    {
        a0_init = "00000000"
        a1_init = "00000000"
        ce0_sync = 1
        ce1_sync = 1
        cl0_sync = 1
        cl1_sync = 1
        cmsb_sync = 1
        co_msb_sync = 1
        cy_dpconfig = "0000000000000000000000000000000000000000000000000000000011000000000000000000000000000010010000000000000000000000000000000000000011111111000000001111111111111111000000000000000001000100111100000000000000001100"
        d0_init = "00000000"
        d1_init = "00000000"
        f0_blk_sync = 1
        f0_bus_sync = 1
        f1_blk_sync = 1
        f1_bus_sync = 1
        ff0_sync = 1
        ff1_sync = 1
        ov_msb_sync = 1
        so_sync = 1
        z0_sync = 1
        z1_sync = 1
    }
    Clock Polarity: Active High
    Clock Enable: True

statusicell: Name =\UART_1:BUART:sTX:TxSts\
    PORT MAP (
        clock => \UART_1:Net_9\ ,
        status_3 => \UART_1:BUART:tx_fifo_notfull\ ,
        status_2 => \UART_1:BUART:tx_status_2\ ,
        status_1 => \UART_1:BUART:tx_fifo_empty\ ,
        status_0 => \UART_1:BUART:tx_status_0\ ,
        interrupt => Net_25 );
    Properties:
    {
        cy_force_order = 1
        cy_int_mask = "1111111"
        cy_md_select = "0000001"
    }
    Clock Polarity: Active High
    Clock Enable: True

UDB [UDB=(1,1)] contents:
LAB@[UDB=(1,1)][LB=0] #macrocells=1, #inputs=6, #pterms=4
{
    [McSlotId=0]: (empty)
    [McSlotId=1]: (empty)
    [McSlotId=2]: (empty)
    [McSlotId=3]:     MacroCell: Name=\UART_1:BUART:tx_state_0\, Mode=(T-Register) @ [UDB=(1,1)][LB=0][MC=3]
        Total # of inputs        : 6
        Total # of product terms : 4
        List of special equations: 
            Clock  = (\UART_1:Net_9\) => Global
            Clock Enable: True
        Main Equation            : 4 pterms
        (
              !\UART_1:BUART:tx_state_1\ * !\UART_1:BUART:tx_state_0\ * 
              \UART_1:BUART:tx_bitclk_enable_pre\ * 
              !\UART_1:BUART:tx_fifo_empty\
            + !\UART_1:BUART:tx_state_1\ * !\UART_1:BUART:tx_state_0\ * 
              !\UART_1:BUART:tx_fifo_empty\ * !\UART_1:BUART:tx_state_2\
            + \UART_1:BUART:tx_state_1\ * \UART_1:BUART:tx_state_0\ * 
              \UART_1:BUART:tx_bitclk_enable_pre\ * 
              \UART_1:BUART:tx_fifo_empty\ * \UART_1:BUART:tx_state_2\
            + \UART_1:BUART:tx_state_0\ * !\UART_1:BUART:tx_state_2\ * 
              \UART_1:BUART:tx_bitclk\
        );
        Output = \UART_1:BUART:tx_state_0\ (fanout=8)
        Properties               : 
        {
        }
}

LAB@[UDB=(1,1)][LB=1] #macrocells=1, #inputs=1, #pterms=1
{
    [McSlotId=0]: (empty)
    [McSlotId=1]:     MacroCell: Name=Net_185, Mode=(D-Register) @ [UDB=(1,1)][LB=1][MC=1]
        Total # of inputs        : 1
        Total # of product terms : 1
        List of special equations: 
            Clock  = (Net_179) => Global
            Clock Enable: True
        Main Equation            : 1 pterm
        (
              Net_180
        );
        Output = Net_185 (fanout=1)
        Properties               : 
        {
        }

    [McSlotId=2]: (empty)
    [McSlotId=3]: (empty)
}

datapathcell: Name =\UART_1:BUART:sTX:sCLOCK:TxBitClkGen\
    PORT MAP (
        clock => \UART_1:Net_9\ ,
        cs_addr_0 => \UART_1:BUART:counter_load_not\ ,
        ce0_reg => \UART_1:BUART:tx_bitclk_enable_pre\ ,
        ce1_reg => \UART_1:BUART:tx_counter_dp\ );
    Properties:
    {
        a0_init = "00000000"
        a1_init = "00000000"
        ce0_sync = 1
        ce1_sync = 1
        cl0_sync = 1
        cl1_sync = 1
        cmsb_sync = 1
        co_msb_sync = 1
        cy_dpconfig = "1010100001000000001000000100000000000000000000000000000000000000000000000000000000000000000000000000000000000000000000000000000011111111000000001111111100001111001000000100000000000101111100000000000000001000"
        d0_init = "00000000"
        d1_init = "00000000"
        f0_blk_sync = 1
        f0_bus_sync = 1
        f1_blk_sync = 1
        f1_bus_sync = 1
        ff0_sync = 1
        ff1_sync = 1
        ov_msb_sync = 1
        so_sync = 1
        z0_sync = 1
        z1_sync = 1
    }
    Clock Polarity: Active High
    Clock Enable: True

UDB [UDB=(1,2)] contents:
LAB@[UDB=(1,2)][LB=0] #macrocells=1, #inputs=6, #pterms=4
{
    [McSlotId=0]: (empty)
    [McSlotId=1]: (empty)
    [McSlotId=2]: (empty)
    [McSlotId=3]:     MacroCell: Name=\UART_1:BUART:tx_state_2\, Mode=(T-Register) @ [UDB=(1,2)][LB=0][MC=3]
        Total # of inputs        : 6
        Total # of product terms : 4
        List of special equations: 
            Clock  = (\UART_1:Net_9\) => Global
            Clock Enable: True
        Main Equation            : 4 pterms
        (
              !\UART_1:BUART:tx_state_1\ * !\UART_1:BUART:tx_state_0\ * 
              \UART_1:BUART:tx_bitclk_enable_pre\ * \UART_1:BUART:tx_state_2\
            + \UART_1:BUART:tx_state_1\ * \UART_1:BUART:tx_state_0\ * 
              \UART_1:BUART:tx_bitclk_enable_pre\ * \UART_1:BUART:tx_state_2\
            + \UART_1:BUART:tx_state_1\ * \UART_1:BUART:tx_state_0\ * 
              !\UART_1:BUART:tx_state_2\ * \UART_1:BUART:tx_bitclk\
            + \UART_1:BUART:tx_state_1\ * !\UART_1:BUART:tx_state_2\ * 
              \UART_1:BUART:tx_counter_dp\ * \UART_1:BUART:tx_bitclk\
        );
        Output = \UART_1:BUART:tx_state_2\ (fanout=7)
        Properties               : 
        {
        }
}

LAB@[UDB=(1,2)][LB=1] #macrocells=2, #inputs=8, #pterms=3
{
    [McSlotId=0]:     MacroCell: Name=\UART_1:BUART:rx_status_4\, Mode=(Combinatorial) @ [UDB=(1,2)][LB=1][MC=0]
        Total # of inputs        : 2
        Total # of product terms : 1
            Clock Enable: True
        Main Equation            : 1 pterm
        (
              \UART_1:BUART:rx_load_fifo\ * \UART_1:BUART:rx_fifofull\
        );
        Output = \UART_1:BUART:rx_status_4\ (fanout=1)
        Properties               : 
        {
        }

    [McSlotId=1]:     MacroCell: Name=\UART_1:BUART:rx_count7_bit8_wire\, Mode=(D-Register) @ [UDB=(1,2)][LB=1][MC=1]
        Total # of inputs        : 6
        Total # of product terms : 2
        List of special equations: 
            Clock  = (\UART_1:Net_9\) => Global
            Clock Enable: True
        Main Equation            : 2 pterms
        !(
              !\UART_1:BUART:tx_ctrl_mark_last\ * !\UART_1:BUART:rx_state_0\ * 
              !\UART_1:BUART:rx_state_3\ * !\UART_1:BUART:rx_state_2\
            + !\UART_1:BUART:rx_count7_tc\ * 
              !\UART_1:BUART:rx_count7_bit8_wire\
        );
        Output = \UART_1:BUART:rx_count7_bit8_wire\ (fanout=9)
        Properties               : 
        {
        }

    [McSlotId=2]: (empty)
    [McSlotId=3]: (empty)
}

UDB [UDB=(1,3)] contents:
LAB@[UDB=(1,3)][LB=0] #macrocells=3, #inputs=10, #pterms=4
{
    [McSlotId=0]:     MacroCell: Name=\UART_1:BUART:tx_bitclk\, Mode=(D-Register) @ [UDB=(1,3)][LB=0][MC=0]
        Total # of inputs        : 4
        Total # of product terms : 2
        List of special equations: 
            Clock  = (\UART_1:Net_9\) => Global
            Clock Enable: True
        Main Equation            : 2 pterms
        !(
              !\UART_1:BUART:tx_state_1\ * !\UART_1:BUART:tx_state_0\ * 
              \UART_1:BUART:tx_state_2\
            + !\UART_1:BUART:tx_bitclk_enable_pre\
        );
        Output = \UART_1:BUART:tx_bitclk\ (fanout=4)
        Properties               : 
        {
        }

    [McSlotId=1]:     MacroCell: Name=\UART_1:BUART:rx_state_stop1_reg\, Mode=(D-Register) @ [UDB=(1,3)][LB=0][MC=1]
        Total # of inputs        : 4
        Total # of product terms : 1
        List of special equations: 
            Clock  = (\UART_1:Net_9\) => Global
            Clock Enable: True
        Main Equation            : 1 pterm
        !(
              !\UART_1:BUART:tx_ctrl_mark_last\ * !\UART_1:BUART:rx_state_0\ * 
              \UART_1:BUART:rx_state_3\ * \UART_1:BUART:rx_state_2\
        );
        Output = \UART_1:BUART:rx_state_stop1_reg\ (fanout=1)
        Properties               : 
        {
        }

    [McSlotId=2]:     MacroCell: Name=\UART_1:BUART:rx_status_5\, Mode=(Combinatorial) @ [UDB=(1,3)][LB=0][MC=2]
        Total # of inputs        : 2
        Total # of product terms : 1
            Clock Enable: True
        Main Equation            : 1 pterm
        (
              \UART_1:BUART:rx_fifonotempty\ * 
              \UART_1:BUART:rx_state_stop1_reg\
        );
        Output = \UART_1:BUART:rx_status_5\ (fanout=1)
        Properties               : 
        {
        }

    [McSlotId=3]: (empty)
}

LAB@[UDB=(1,3)][LB=1] #macrocells=2, #inputs=8, #pterms=8
{
    [McSlotId=0]: (empty)
    [McSlotId=1]:     MacroCell: Name=\UART_1:BUART:tx_state_1\, Mode=(T-Register) @ [UDB=(1,3)][LB=1][MC=1]
        Total # of inputs        : 6
        Total # of product terms : 3
        List of special equations: 
            Clock  = (\UART_1:Net_9\) => Global
            Clock Enable: True
        Main Equation            : 3 pterms
        (
              \UART_1:BUART:tx_state_1\ * \UART_1:BUART:tx_state_0\ * 
              \UART_1:BUART:tx_bitclk_enable_pre\ * \UART_1:BUART:tx_state_2\
            + \UART_1:BUART:tx_state_1\ * !\UART_1:BUART:tx_state_2\ * 
              \UART_1:BUART:tx_counter_dp\ * \UART_1:BUART:tx_bitclk\
            + \UART_1:BUART:tx_state_0\ * !\UART_1:BUART:tx_state_2\ * 
              \UART_1:BUART:tx_bitclk\
        );
        Output = \UART_1:BUART:tx_state_1\ (fanout=8)
        Properties               : 
        {
        }

    [McSlotId=2]:     MacroCell: Name=\UART_1:BUART:txn\, Mode=(D-Register) @ [UDB=(1,3)][LB=1][MC=2]
        Total # of inputs        : 7
        Total # of product terms : 5
        List of special equations: 
            Clock  = (\UART_1:Net_9\) => Global
            Clock Enable: True
        Main Equation            : 5 pterms
        (
              \UART_1:BUART:txn\ * \UART_1:BUART:tx_state_1\ * 
              !\UART_1:BUART:tx_bitclk\
            + \UART_1:BUART:txn\ * \UART_1:BUART:tx_state_2\
            + !\UART_1:BUART:tx_state_1\ * \UART_1:BUART:tx_state_0\ * 
              !\UART_1:BUART:tx_shift_out\ * !\UART_1:BUART:tx_state_2\
            + !\UART_1:BUART:tx_state_1\ * \UART_1:BUART:tx_state_0\ * 
              !\UART_1:BUART:tx_state_2\ * !\UART_1:BUART:tx_bitclk\
            + \UART_1:BUART:tx_state_1\ * !\UART_1:BUART:tx_state_0\ * 
              !\UART_1:BUART:tx_shift_out\ * !\UART_1:BUART:tx_state_2\ * 
              !\UART_1:BUART:tx_counter_dp\ * \UART_1:BUART:tx_bitclk\
        );
        Output = \UART_1:BUART:txn\ (fanout=2)
        Properties               : 
        {
        }

    [McSlotId=3]: (empty)
}

statusicell: Name =\UART_1:BUART:sRX:RxSts\
    PORT MAP (
        clock => \UART_1:Net_9\ ,
        status_5 => \UART_1:BUART:rx_status_5\ ,
        status_4 => \UART_1:BUART:rx_status_4\ ,
        status_3 => \UART_1:BUART:rx_status_3\ ,
        interrupt => Net_26 );
    Properties:
    {
        cy_force_order = 1
        cy_int_mask = "1111111"
        cy_md_select = "1011111"
    }
    Clock Polarity: Active High
    Clock Enable: True

UDB [UDB=(1,4)] is empty.
UDB [UDB=(1,5)] is empty.
UDB [UDB=(2,0)] is empty.
UDB [UDB=(2,1)] is empty.
UDB [UDB=(2,2)] is empty.
UDB [UDB=(2,3)] is empty.
UDB [UDB=(2,4)] is empty.
UDB [UDB=(2,5)] is empty.
UDB [UDB=(3,0)] is empty.
UDB [UDB=(3,1)] is empty.
UDB [UDB=(3,2)] is empty.
UDB [UDB=(3,3)] is empty.
UDB [UDB=(3,4)] is empty.
UDB [UDB=(3,5)] contents:
LAB@[UDB=(3,5)][LB=1] #macrocells=1, #inputs=0, #pterms=0
{
    [McSlotId=0]:     MacroCell: Name=__ONE__, Mode=(Combinatorial) @ [UDB=(3,5)][LB=1][MC=0]
        Total # of inputs        : 0
        Total # of product terms : 0
            Clock Enable: True
        Main Equation            : 0 pterms
        !(
            0
        );
        Output = __ONE__ (fanout=1)
        Properties               : 
        {
        }

    [McSlotId=1]: (empty)
    [McSlotId=2]: (empty)
    [McSlotId=3]: (empty)
}

Intr container @ [IntrContainer=(0)]: 
  Intr@ [IntrContainer=(0)][IntrId=(0)] 
    interrupt: Name =isr_b1
        PORT MAP (
            interrupt => Net_157 );
        Properties:
        {
            int_type = "00"
            is_nmi = 0
        }
  Intr@ [IntrContainer=(0)][IntrId=(1)] 
    interrupt: Name =isr_b2
        PORT MAP (
            interrupt => Net_185 );
        Properties:
        {
            int_type = "00"
            is_nmi = 0
        }
  Intr@ [IntrContainer=(0)][IntrId=(2)] 
    interrupt: Name =isr_b3
        PORT MAP (
            interrupt => Net_97 );
        Properties:
        {
            int_type = "10"
            is_nmi = 0
        }
  Intr@ [IntrContainer=(0)][IntrId=(3)] 
    interrupt: Name =isr_rx
        PORT MAP (
            interrupt => Net_26 );
        Properties:
        {
            int_type = "10"
            is_nmi = 0
        }
  Intr@ [IntrContainer=(0)][IntrId=(4)] 
    interrupt: Name =isr_tx
        PORT MAP (
            interrupt => Net_25 );
        Properties:
        {
            int_type = "10"
            is_nmi = 0
        }
  Intr@ [IntrContainer=(0)][IntrId=(17)] 
    interrupt: Name =isr_clkDigits
        PORT MAP (
            interrupt => Net_154 );
        Properties:
        {
            int_type = "10"
            is_nmi = 0
        }
Drq container @ [DrqContainer=(0)]: empty
Port 0 contains the following IO cells:
[IoId=0]: 
Pin : Name = Vout_3(0)
    Attributes:
        In Group/Port: True
        In Sync Option: AUTO
        Out Sync Option: AUTO
        Interrupt generated: False
        Interrupt mode: NONE
        Drive mode: HI_Z_ANALOG
        VTrip: EITHER
        Slew: FAST
        Input Sync needed: False
        Output Sync needed: False
        SC shield enabled: False
        POR State: ANY
        LCD Mode: COMMON
        Register Mode: RegComb
        CaSense Mode: NEITHER
        Treat as pin: True
        Is OE Registered: False
        Uses Analog: True
        Can contain Digital: False
        Is SIO: False
        SIO Output Buf: NONREGULATED
        SIO Input Buf: SINGLE_ENDED
        SIO HiFreq: LOW
        SIO Hyst: DISABLED
        SIO Vtrip: MULTIPLIER_0_5
        SIO Multiplier Index: 0
        SIO RefSel: VCC_IO
        Required Capabilities: ANALOG
        Initial Value: 0
        IO Voltage: 0
    PORT MAP (
        pa_out => Vout_3(0)__PA ,
        analog_term => Net_90 ,
        pad => Vout_3(0)_PAD );
    Properties:
    {
    }

[IoId=1]: 
Pin : Name = Vout_1(0)
    Attributes:
        In Group/Port: True
        In Sync Option: AUTO
        Out Sync Option: AUTO
        Interrupt generated: False
        Interrupt mode: NONE
        Drive mode: HI_Z_ANALOG
        VTrip: EITHER
        Slew: FAST
        Input Sync needed: False
        Output Sync needed: False
        SC shield enabled: False
        POR State: ANY
        LCD Mode: COMMON
        Register Mode: RegComb
        CaSense Mode: NEITHER
        Treat as pin: True
        Is OE Registered: False
        Uses Analog: True
        Can contain Digital: False
        Is SIO: False
        SIO Output Buf: NONREGULATED
        SIO Input Buf: SINGLE_ENDED
        SIO HiFreq: LOW
        SIO Hyst: DISABLED
        SIO Vtrip: MULTIPLIER_0_5
        SIO Multiplier Index: 0
        SIO RefSel: VCC_IO
        Required Capabilities: ANALOG
        Initial Value: 0
        IO Voltage: 0
    PORT MAP (
        pa_out => Vout_1(0)__PA ,
        analog_term => Net_88 ,
        pad => Vout_1(0)_PAD );
    Properties:
    {
    }

[IoId=2]: 
Pin : Name = SENSOR_1(0)
    Attributes:
        In Group/Port: True
        In Sync Option: AUTO
        Out Sync Option: AUTO
        Interrupt generated: False
        Interrupt mode: NONE
        Drive mode: HI_Z_ANALOG
        VTrip: EITHER
        Slew: FAST
        Input Sync needed: False
        Output Sync needed: False
        SC shield enabled: False
        POR State: ANY
        LCD Mode: COMMON
        Register Mode: RegComb
        CaSense Mode: NEITHER
        Treat as pin: True
        Is OE Registered: False
        Uses Analog: True
        Can contain Digital: False
        Is SIO: False
        SIO Output Buf: NONREGULATED
        SIO Input Buf: SINGLE_ENDED
        SIO HiFreq: LOW
        SIO Hyst: DISABLED
        SIO Vtrip: MULTIPLIER_0_5
        SIO Multiplier Index: 0
        SIO RefSel: VCC_IO
        Required Capabilities: ANALOG
        Initial Value: 0
        IO Voltage: 0
    PORT MAP (
        pa_out => SENSOR_1(0)__PA ,
        analog_term => Net_29 ,
        pad => SENSOR_1(0)_PAD );
    Properties:
    {
    }

[IoId=3]: 
Pin : Name = INVERSOR_1(0)
    Attributes:
        In Group/Port: True
        In Sync Option: AUTO
        Out Sync Option: AUTO
        Interrupt generated: False
        Interrupt mode: NONE
        Drive mode: HI_Z_ANALOG
        VTrip: EITHER
        Slew: FAST
        Input Sync needed: False
        Output Sync needed: False
        SC shield enabled: False
        POR State: ANY
        LCD Mode: COMMON
        Register Mode: RegComb
        CaSense Mode: NEITHER
        Treat as pin: True
        Is OE Registered: False
        Uses Analog: True
        Can contain Digital: False
        Is SIO: False
        SIO Output Buf: NONREGULATED
        SIO Input Buf: SINGLE_ENDED
        SIO HiFreq: LOW
        SIO Hyst: DISABLED
        SIO Vtrip: MULTIPLIER_0_5
        SIO Multiplier Index: 0
        SIO RefSel: VCC_IO
        Required Capabilities: ANALOG
        Initial Value: 0
        IO Voltage: 0
    PORT MAP (
        pa_out => INVERSOR_1(0)__PA ,
        pad => INVERSOR_1(0)_PAD );
    Properties:
    {
    }

[IoId=4]: 
Pin : Name = SENSOR_3(0)
    Attributes:
        In Group/Port: True
        In Sync Option: AUTO
        Out Sync Option: AUTO
        Interrupt generated: False
        Interrupt mode: NONE
        Drive mode: HI_Z_ANALOG
        VTrip: EITHER
        Slew: FAST
        Input Sync needed: False
        Output Sync needed: False
        SC shield enabled: False
        POR State: ANY
        LCD Mode: COMMON
        Register Mode: RegComb
        CaSense Mode: NEITHER
        Treat as pin: True
        Is OE Registered: False
        Uses Analog: True
        Can contain Digital: False
        Is SIO: False
        SIO Output Buf: NONREGULATED
        SIO Input Buf: SINGLE_ENDED
        SIO HiFreq: LOW
        SIO Hyst: DISABLED
        SIO Vtrip: MULTIPLIER_0_5
        SIO Multiplier Index: 0
        SIO RefSel: VCC_IO
        Required Capabilities: ANALOG
        Initial Value: 0
        IO Voltage: 0
    PORT MAP (
        pa_out => SENSOR_3(0)__PA ,
        analog_term => Net_74 ,
        pad => SENSOR_3(0)_PAD );
    Properties:
    {
    }

[IoId=5]: 
Pin : Name = INVERSOR_3(0)
    Attributes:
        In Group/Port: True
        In Sync Option: AUTO
        Out Sync Option: AUTO
        Interrupt generated: False
        Interrupt mode: NONE
        Drive mode: HI_Z_ANALOG
        VTrip: EITHER
        Slew: FAST
        Input Sync needed: False
        Output Sync needed: False
        SC shield enabled: False
        POR State: ANY
        LCD Mode: COMMON
        Register Mode: RegComb
        CaSense Mode: NEITHER
        Treat as pin: True
        Is OE Registered: False
        Uses Analog: True
        Can contain Digital: False
        Is SIO: False
        SIO Output Buf: NONREGULATED
        SIO Input Buf: SINGLE_ENDED
        SIO HiFreq: LOW
        SIO Hyst: DISABLED
        SIO Vtrip: MULTIPLIER_0_5
        SIO Multiplier Index: 0
        SIO RefSel: VCC_IO
        Required Capabilities: ANALOG
        Initial Value: 0
        IO Voltage: 0
    PORT MAP (
        pa_out => INVERSOR_3(0)__PA ,
        pad => INVERSOR_3(0)_PAD );
    Properties:
    {
    }

[IoId=6]: 
Pin : Name = BOTONES(0)
    Attributes:
        In Group/Port: True
        In Sync Option: NOSYNC
        Out Sync Option: AUTO
        Interrupt generated: False
        Interrupt mode: NONE
        Drive mode: RES_PULL_DOWN
        VTrip: CMOS
        Slew: FAST
        Input Sync needed: False
        Output Sync needed: False
        SC shield enabled: False
        POR State: ANY
        LCD Mode: COMMON
        Register Mode: RegComb
        CaSense Mode: NEITHER
        Treat as pin: False
        Is OE Registered: False
        Uses Analog: False
        Can contain Digital: True
        Is SIO: False
        SIO Output Buf: NONREGULATED
        SIO Input Buf: SINGLE_ENDED
        SIO HiFreq: LOW
        SIO Hyst: DISABLED
        SIO Vtrip: MULTIPLIER_0_5
        SIO Multiplier Index: 0
        SIO RefSel: VCC_IO
        Required Capabilities: DIGITAL, ROUTABLE
        Initial Value: 0
        IO Voltage: 0
    PORT MAP (
        pa_out => BOTONES(0)__PA ,
        fb => Net_155 ,
        pad => BOTONES(0)_PAD );
    Properties:
    {
    }

[IoId=7]: 
Pin : Name = BOTONES(1)
    Attributes:
        In Group/Port: True
        In Sync Option: NOSYNC
        Out Sync Option: AUTO
        Interrupt generated: False
        Interrupt mode: NONE
        Drive mode: RES_PULL_DOWN
        VTrip: CMOS
        Slew: FAST
        Input Sync needed: False
        Output Sync needed: False
        SC shield enabled: False
        POR State: ANY
        LCD Mode: COMMON
        Register Mode: RegComb
        CaSense Mode: NEITHER
        Treat as pin: False
        Is OE Registered: False
        Uses Analog: False
        Can contain Digital: True
        Is SIO: False
        SIO Output Buf: NONREGULATED
        SIO Input Buf: SINGLE_ENDED
        SIO HiFreq: LOW
        SIO Hyst: DISABLED
        SIO Vtrip: MULTIPLIER_0_5
        SIO Multiplier Index: 0
        SIO RefSel: VCC_IO
        Required Capabilities: DIGITAL, ROUTABLE
        Initial Value: 0
        IO Voltage: 0
    PORT MAP (
        pa_out => BOTONES(1)__PA ,
        fb => Net_180 ,
        pad => BOTONES(1)_PAD );
    Properties:
    {
    }

Port 1 contains the following IO cells:
[IoId=2]: 
Pin : Name = SS_A(0)
    Attributes:
        In Group/Port: True
        In Sync Option: AUTO
        Out Sync Option: NOSYNC
        Interrupt generated: False
        Interrupt mode: NONE
        Drive mode: CMOS_OUT
        VTrip: EITHER
        Slew: FAST
        Input Sync needed: False
        Output Sync needed: False
        SC shield enabled: False
        POR State: ANY
        LCD Mode: COMMON
        Register Mode: RegComb
        CaSense Mode: NEITHER
        Treat as pin: True
        Is OE Registered: False
        Uses Analog: False
        Can contain Digital: True
        Is SIO: False
        SIO Output Buf: NONREGULATED
        SIO Input Buf: SINGLE_ENDED
        SIO HiFreq: LOW
        SIO Hyst: DISABLED
        SIO Vtrip: MULTIPLIER_0_5
        SIO Multiplier Index: 0
        SIO RefSel: VCC_IO
        Required Capabilities: DIGITAL
        Initial Value: 0
        IO Voltage: 0
    PORT MAP (
        pa_out => SS_A(0)__PA ,
        pad => SS_A(0)_PAD );
    Properties:
    {
    }

[IoId=4]: 
Pin : Name = SS_E(0)
    Attributes:
        In Group/Port: True
        In Sync Option: AUTO
        Out Sync Option: NOSYNC
        Interrupt generated: False
        Interrupt mode: NONE
        Drive mode: CMOS_OUT
        VTrip: EITHER
        Slew: FAST
        Input Sync needed: False
        Output Sync needed: False
        SC shield enabled: False
        POR State: ANY
        LCD Mode: COMMON
        Register Mode: RegComb
        CaSense Mode: NEITHER
        Treat as pin: True
        Is OE Registered: False
        Uses Analog: False
        Can contain Digital: True
        Is SIO: False
        SIO Output Buf: NONREGULATED
        SIO Input Buf: SINGLE_ENDED
        SIO HiFreq: LOW
        SIO Hyst: DISABLED
        SIO Vtrip: MULTIPLIER_0_5
        SIO Multiplier Index: 0
        SIO RefSel: VCC_IO
        Required Capabilities: DIGITAL
        Initial Value: 0
        IO Voltage: 0
    PORT MAP (
        pa_out => SS_E(0)__PA ,
        pad => SS_E(0)_PAD );
    Properties:
    {
    }

[IoId=5]: 
Pin : Name = SS_F(0)
    Attributes:
        In Group/Port: True
        In Sync Option: AUTO
        Out Sync Option: NOSYNC
        Interrupt generated: False
        Interrupt mode: NONE
        Drive mode: CMOS_OUT
        VTrip: EITHER
        Slew: FAST
        Input Sync needed: False
        Output Sync needed: False
        SC shield enabled: False
        POR State: ANY
        LCD Mode: COMMON
        Register Mode: RegComb
        CaSense Mode: NEITHER
        Treat as pin: True
        Is OE Registered: False
        Uses Analog: False
        Can contain Digital: True
        Is SIO: False
        SIO Output Buf: NONREGULATED
        SIO Input Buf: SINGLE_ENDED
        SIO HiFreq: LOW
        SIO Hyst: DISABLED
        SIO Vtrip: MULTIPLIER_0_5
        SIO Multiplier Index: 0
        SIO RefSel: VCC_IO
        Required Capabilities: DIGITAL
        Initial Value: 0
        IO Voltage: 0
    PORT MAP (
        pa_out => SS_F(0)__PA ,
        pad => SS_F(0)_PAD );
    Properties:
    {
    }

[IoId=6]: 
Pin : Name = SS_G(0)
    Attributes:
        In Group/Port: True
        In Sync Option: AUTO
        Out Sync Option: NOSYNC
        Interrupt generated: False
        Interrupt mode: NONE
        Drive mode: CMOS_OUT
        VTrip: EITHER
        Slew: FAST
        Input Sync needed: False
        Output Sync needed: False
        SC shield enabled: False
        POR State: ANY
        LCD Mode: COMMON
        Register Mode: RegComb
        CaSense Mode: NEITHER
        Treat as pin: True
        Is OE Registered: False
        Uses Analog: False
        Can contain Digital: True
        Is SIO: False
        SIO Output Buf: NONREGULATED
        SIO Input Buf: SINGLE_ENDED
        SIO HiFreq: LOW
        SIO Hyst: DISABLED
        SIO Vtrip: MULTIPLIER_0_5
        SIO Multiplier Index: 0
        SIO RefSel: VCC_IO
        Required Capabilities: DIGITAL
        Initial Value: 0
        IO Voltage: 0
    PORT MAP (
        pa_out => SS_G(0)__PA ,
        pad => SS_G(0)_PAD );
    Properties:
    {
    }

[IoId=7]: 
Pin : Name = SS_P(0)
    Attributes:
        In Group/Port: True
        In Sync Option: AUTO
        Out Sync Option: NOSYNC
        Interrupt generated: False
        Interrupt mode: NONE
        Drive mode: CMOS_OUT
        VTrip: EITHER
        Slew: FAST
        Input Sync needed: False
        Output Sync needed: False
        SC shield enabled: False
        POR State: ANY
        LCD Mode: COMMON
        Register Mode: RegComb
        CaSense Mode: NEITHER
        Treat as pin: True
        Is OE Registered: False
        Uses Analog: False
        Can contain Digital: True
        Is SIO: False
        SIO Output Buf: NONREGULATED
        SIO Input Buf: SINGLE_ENDED
        SIO HiFreq: LOW
        SIO Hyst: DISABLED
        SIO Vtrip: MULTIPLIER_0_5
        SIO Multiplier Index: 0
        SIO RefSel: VCC_IO
        Required Capabilities: DIGITAL
        Initial Value: 0
        IO Voltage: 0
    PORT MAP (
        pa_out => SS_P(0)__PA ,
        pad => SS_P(0)_PAD );
    Properties:
    {
    }

Port 2 contains the following IO cells:
[IoId=0]: 
Pin : Name = LED_MSB(0)
    Attributes:
        In Group/Port: True
        In Sync Option: AUTO
        Out Sync Option: NOSYNC
        Interrupt generated: False
        Interrupt mode: NONE
        Drive mode: CMOS_OUT
        VTrip: EITHER
        Slew: FAST
        Input Sync needed: False
        Output Sync needed: False
        SC shield enabled: False
        POR State: ANY
        LCD Mode: COMMON
        Register Mode: RegComb
        CaSense Mode: NEITHER
        Treat as pin: True
        Is OE Registered: False
        Uses Analog: False
        Can contain Digital: True
        Is SIO: False
        SIO Output Buf: NONREGULATED
        SIO Input Buf: SINGLE_ENDED
        SIO HiFreq: LOW
        SIO Hyst: DISABLED
        SIO Vtrip: MULTIPLIER_0_5
        SIO Multiplier Index: 0
        SIO RefSel: VCC_IO
        Required Capabilities: DIGITAL
        Initial Value: 0
        IO Voltage: 0
    PORT MAP (
        pa_out => LED_MSB(0)__PA ,
        pad => LED_MSB(0)_PAD );
    Properties:
    {
    }

[IoId=2]: 
Pin : Name = BOTON(0)
    Attributes:
        In Group/Port: True
        In Sync Option: NOSYNC
        Out Sync Option: AUTO
        Interrupt generated: False
        Interrupt mode: NONE
        Drive mode: HI_Z_DIGITAL
        VTrip: CMOS
        Slew: FAST
        Input Sync needed: False
        Output Sync needed: False
        SC shield enabled: False
        POR State: ANY
        LCD Mode: COMMON
        Register Mode: RegComb
        CaSense Mode: NEITHER
        Treat as pin: True
        Is OE Registered: False
        Uses Analog: False
        Can contain Digital: True
        Is SIO: False
        SIO Output Buf: NONREGULATED
        SIO Input Buf: SINGLE_ENDED
        SIO HiFreq: LOW
        SIO Hyst: DISABLED
        SIO Vtrip: MULTIPLIER_0_5
        SIO Multiplier Index: 0
        SIO RefSel: VCC_IO
        Required Capabilities: DIGITAL, ROUTABLE
        Initial Value: 0
        IO Voltage: 0
    PORT MAP (
        pa_out => BOTON(0)__PA ,
        fb => Net_97 ,
        pad => BOTON(0)_PAD );
    Properties:
    {
    }

[IoId=3]: 
Pin : Name = SS_D(0)
    Attributes:
        In Group/Port: True
        In Sync Option: AUTO
        Out Sync Option: NOSYNC
        Interrupt generated: False
        Interrupt mode: NONE
        Drive mode: CMOS_OUT
        VTrip: EITHER
        Slew: FAST
        Input Sync needed: False
        Output Sync needed: False
        SC shield enabled: False
        POR State: ANY
        LCD Mode: COMMON
        Register Mode: RegComb
        CaSense Mode: NEITHER
        Treat as pin: True
        Is OE Registered: False
        Uses Analog: False
        Can contain Digital: True
        Is SIO: False
        SIO Output Buf: NONREGULATED
        SIO Input Buf: SINGLE_ENDED
        SIO HiFreq: LOW
        SIO Hyst: DISABLED
        SIO Vtrip: MULTIPLIER_0_5
        SIO Multiplier Index: 0
        SIO RefSel: VCC_IO
        Required Capabilities: DIGITAL
        Initial Value: 0
        IO Voltage: 0
    PORT MAP (
        pa_out => SS_D(0)__PA ,
        pad => SS_D(0)_PAD );
    Properties:
    {
    }

[IoId=4]: 
Pin : Name = DIGITOS(0)
    Attributes:
        In Group/Port: True
        In Sync Option: AUTO
        Out Sync Option: NOSYNC
        Interrupt generated: False
        Interrupt mode: NONE
        Drive mode: CMOS_OUT
        VTrip: EITHER
        Slew: FAST
        Input Sync needed: False
        Output Sync needed: False
        SC shield enabled: False
        POR State: ANY
        LCD Mode: COMMON
        Register Mode: RegComb
        CaSense Mode: NEITHER
        Treat as pin: False
        Is OE Registered: False
        Uses Analog: False
        Can contain Digital: True
        Is SIO: False
        SIO Output Buf: NONREGULATED
        SIO Input Buf: SINGLE_ENDED
        SIO HiFreq: LOW
        SIO Hyst: DISABLED
        SIO Vtrip: MULTIPLIER_0_5
        SIO Multiplier Index: 0
        SIO RefSel: VCC_IO
        Required Capabilities: DIGITAL
        Initial Value: 0
        IO Voltage: 0
    PORT MAP (
        pa_out => DIGITOS(0)__PA ,
        pad => DIGITOS(0)_PAD );
    Properties:
    {
    }

[IoId=5]: 
Pin : Name = DIGITOS(1)
    Attributes:
        In Group/Port: True
        In Sync Option: AUTO
        Out Sync Option: NOSYNC
        Interrupt generated: False
        Interrupt mode: NONE
        Drive mode: CMOS_OUT
        VTrip: EITHER
        Slew: FAST
        Input Sync needed: False
        Output Sync needed: False
        SC shield enabled: False
        POR State: ANY
        LCD Mode: COMMON
        Register Mode: RegComb
        CaSense Mode: NEITHER
        Treat as pin: False
        Is OE Registered: False
        Uses Analog: False
        Can contain Digital: True
        Is SIO: False
        SIO Output Buf: NONREGULATED
        SIO Input Buf: SINGLE_ENDED
        SIO HiFreq: LOW
        SIO Hyst: DISABLED
        SIO Vtrip: MULTIPLIER_0_5
        SIO Multiplier Index: 0
        SIO RefSel: VCC_IO
        Required Capabilities: DIGITAL
        Initial Value: 0
        IO Voltage: 0
    PORT MAP (
        pa_out => DIGITOS(1)__PA ,
        pad => DIGITOS(1)_PAD );
    Properties:
    {
    }

[IoId=6]: 
Pin : Name = DIGITOS(2)
    Attributes:
        In Group/Port: True
        In Sync Option: AUTO
        Out Sync Option: NOSYNC
        Interrupt generated: False
        Interrupt mode: NONE
        Drive mode: CMOS_OUT
        VTrip: EITHER
        Slew: FAST
        Input Sync needed: False
        Output Sync needed: False
        SC shield enabled: False
        POR State: ANY
        LCD Mode: COMMON
        Register Mode: RegComb
        CaSense Mode: NEITHER
        Treat as pin: False
        Is OE Registered: False
        Uses Analog: False
        Can contain Digital: True
        Is SIO: False
        SIO Output Buf: NONREGULATED
        SIO Input Buf: SINGLE_ENDED
        SIO HiFreq: LOW
        SIO Hyst: DISABLED
        SIO Vtrip: MULTIPLIER_0_5
        SIO Multiplier Index: 0
        SIO RefSel: VCC_IO
        Required Capabilities: DIGITAL
        Initial Value: 0
        IO Voltage: 0
    PORT MAP (
        pa_out => DIGITOS(2)__PA ,
        pad => DIGITOS(2)_PAD );
    Properties:
    {
    }

[IoId=7]: 
Pin : Name = DIGITOS(3)
    Attributes:
        In Group/Port: True
        In Sync Option: AUTO
        Out Sync Option: NOSYNC
        Interrupt generated: False
        Interrupt mode: NONE
        Drive mode: CMOS_OUT
        VTrip: EITHER
        Slew: FAST
        Input Sync needed: False
        Output Sync needed: False
        SC shield enabled: False
        POR State: ANY
        LCD Mode: COMMON
        Register Mode: RegComb
        CaSense Mode: NEITHER
        Treat as pin: False
        Is OE Registered: False
        Uses Analog: False
        Can contain Digital: True
        Is SIO: False
        SIO Output Buf: NONREGULATED
        SIO Input Buf: SINGLE_ENDED
        SIO HiFreq: LOW
        SIO Hyst: DISABLED
        SIO Vtrip: MULTIPLIER_0_5
        SIO Multiplier Index: 0
        SIO RefSel: VCC_IO
        Required Capabilities: DIGITAL
        Initial Value: 0
        IO Voltage: 0
    PORT MAP (
        pa_out => DIGITOS(3)__PA ,
        pad => DIGITOS(3)_PAD );
    Properties:
    {
    }

Port 3 contains the following IO cells:
[IoId=2]: 
Pin : Name = INVERSOR_2(0)
    Attributes:
        In Group/Port: True
        In Sync Option: AUTO
        Out Sync Option: AUTO
        Interrupt generated: False
        Interrupt mode: NONE
        Drive mode: HI_Z_ANALOG
        VTrip: EITHER
        Slew: FAST
        Input Sync needed: False
        Output Sync needed: False
        SC shield enabled: False
        POR State: ANY
        LCD Mode: COMMON
        Register Mode: RegComb
        CaSense Mode: NEITHER
        Treat as pin: True
        Is OE Registered: False
        Uses Analog: True
        Can contain Digital: False
        Is SIO: False
        SIO Output Buf: NONREGULATED
        SIO Input Buf: SINGLE_ENDED
        SIO HiFreq: LOW
        SIO Hyst: DISABLED
        SIO Vtrip: MULTIPLIER_0_5
        SIO Multiplier Index: 0
        SIO RefSel: VCC_IO
        Required Capabilities: ANALOG
        Initial Value: 0
        IO Voltage: 0
    PORT MAP (
        pa_out => INVERSOR_2(0)__PA ,
        pad => INVERSOR_2(0)_PAD );
    Properties:
    {
    }

[IoId=3]: 
Pin : Name = SENSOR_2(0)
    Attributes:
        In Group/Port: True
        In Sync Option: AUTO
        Out Sync Option: AUTO
        Interrupt generated: False
        Interrupt mode: NONE
        Drive mode: HI_Z_ANALOG
        VTrip: EITHER
        Slew: FAST
        Input Sync needed: False
        Output Sync needed: False
        SC shield enabled: False
        POR State: ANY
        LCD Mode: COMMON
        Register Mode: RegComb
        CaSense Mode: NEITHER
        Treat as pin: True
        Is OE Registered: False
        Uses Analog: True
        Can contain Digital: False
        Is SIO: False
        SIO Output Buf: NONREGULATED
        SIO Input Buf: SINGLE_ENDED
        SIO HiFreq: LOW
        SIO Hyst: DISABLED
        SIO Vtrip: MULTIPLIER_0_5
        SIO Multiplier Index: 0
        SIO RefSel: VCC_IO
        Required Capabilities: ANALOG
        Initial Value: 0
        IO Voltage: 0
    PORT MAP (
        pa_out => SENSOR_2(0)__PA ,
        analog_term => Net_70 ,
        pad => SENSOR_2(0)_PAD );
    Properties:
    {
    }

[IoId=7]: 
Pin : Name = Vout_2(0)
    Attributes:
        In Group/Port: True
        In Sync Option: AUTO
        Out Sync Option: AUTO
        Interrupt generated: False
        Interrupt mode: NONE
        Drive mode: HI_Z_ANALOG
        VTrip: EITHER
        Slew: FAST
        Input Sync needed: False
        Output Sync needed: False
        SC shield enabled: False
        POR State: ANY
        LCD Mode: COMMON
        Register Mode: RegComb
        CaSense Mode: NEITHER
        Treat as pin: True
        Is OE Registered: False
        Uses Analog: True
        Can contain Digital: False
        Is SIO: False
        SIO Output Buf: NONREGULATED
        SIO Input Buf: SINGLE_ENDED
        SIO HiFreq: LOW
        SIO Hyst: DISABLED
        SIO Vtrip: MULTIPLIER_0_5
        SIO Multiplier Index: 0
        SIO RefSel: VCC_IO
        Required Capabilities: ANALOG
        Initial Value: 0
        IO Voltage: 0
    PORT MAP (
        pa_out => Vout_2(0)__PA ,
        analog_term => Net_69 ,
        pad => Vout_2(0)_PAD );
    Properties:
    {
    }

Port 12 contains the following IO cells:
[IoId=2]: 
Pin : Name = SS_C(0)
    Attributes:
        In Group/Port: True
        In Sync Option: AUTO
        Out Sync Option: NOSYNC
        Interrupt generated: False
        Interrupt mode: NONE
        Drive mode: CMOS_OUT
        VTrip: EITHER
        Slew: FAST
        Input Sync needed: False
        Output Sync needed: False
        SC shield enabled: False
        POR State: ANY
        LCD Mode: COMMON
        Register Mode: RegComb
        CaSense Mode: NEITHER
        Treat as pin: True
        Is OE Registered: False
        Uses Analog: False
        Can contain Digital: True
        Is SIO: False
        SIO Output Buf: NONREGULATED
        SIO Input Buf: SINGLE_ENDED
        SIO HiFreq: LOW
        SIO Hyst: DISABLED
        SIO Vtrip: MULTIPLIER_0_5
        SIO Multiplier Index: 0
        SIO RefSel: VCC_IO
        Required Capabilities: DIGITAL
        Initial Value: 0
        IO Voltage: 0
    PORT MAP (
        pa_out => SS_C(0)__PA ,
        pad => SS_C(0)_PAD );
    Properties:
    {
    }

[IoId=3]: 
Pin : Name = SS_B(0)
    Attributes:
        In Group/Port: True
        In Sync Option: AUTO
        Out Sync Option: NOSYNC
        Interrupt generated: False
        Interrupt mode: NONE
        Drive mode: CMOS_OUT
        VTrip: EITHER
        Slew: FAST
        Input Sync needed: False
        Output Sync needed: False
        SC shield enabled: False
        POR State: ANY
        LCD Mode: COMMON
        Register Mode: RegComb
        CaSense Mode: NEITHER
        Treat as pin: True
        Is OE Registered: False
        Uses Analog: False
        Can contain Digital: True
        Is SIO: False
        SIO Output Buf: NONREGULATED
        SIO Input Buf: SINGLE_ENDED
        SIO HiFreq: LOW
        SIO Hyst: DISABLED
        SIO Vtrip: MULTIPLIER_0_5
        SIO Multiplier Index: 0
        SIO RefSel: VCC_IO
        Required Capabilities: DIGITAL
        Initial Value: 0
        IO Voltage: 0
    PORT MAP (
        pa_out => SS_B(0)__PA ,
        pad => SS_B(0)_PAD );
    Properties:
    {
    }

[IoId=5]: 
Pin : Name = LED_LSB(0)
    Attributes:
        In Group/Port: True
        In Sync Option: AUTO
        Out Sync Option: NOSYNC
        Interrupt generated: False
        Interrupt mode: NONE
        Drive mode: CMOS_OUT
        VTrip: EITHER
        Slew: FAST
        Input Sync needed: False
        Output Sync needed: False
        SC shield enabled: False
        POR State: ANY
        LCD Mode: COMMON
        Register Mode: RegComb
        CaSense Mode: NEITHER
        Treat as pin: True
        Is OE Registered: False
        Uses Analog: False
        Can contain Digital: True
        Is SIO: False
        SIO Output Buf: NONREGULATED
        SIO Input Buf: SINGLE_ENDED
        SIO HiFreq: LOW
        SIO Hyst: DISABLED
        SIO Vtrip: MULTIPLIER_0_5
        SIO Multiplier Index: 0
        SIO RefSel: VCC_IO
        Required Capabilities: DIGITAL
        Initial Value: 0
        IO Voltage: 0
    PORT MAP (
        pa_out => LED_LSB(0)__PA ,
        pad => LED_LSB(0)_PAD );
    Properties:
    {
    }

[IoId=6]: 
Pin : Name = Rx_1(0)
    Attributes:
        In Group/Port: True
        In Sync Option: SYNC
        Out Sync Option: AUTO
        Interrupt generated: False
        Interrupt mode: NONE
        Drive mode: HI_Z_DIGITAL
        VTrip: CMOS
        Slew: FAST
        Input Sync needed: True
        Output Sync needed: False
        SC shield enabled: False
        POR State: ANY
        LCD Mode: COMMON
        Register Mode: RegComb
        CaSense Mode: NEITHER
        Treat as pin: True
        Is OE Registered: False
        Uses Analog: False
        Can contain Digital: True
        Is SIO: False
        SIO Output Buf: NONREGULATED
        SIO Input Buf: SINGLE_ENDED
        SIO HiFreq: LOW
        SIO Hyst: DISABLED
        SIO Vtrip: MULTIPLIER_0_5
        SIO Multiplier Index: 0
        SIO RefSel: VCC_IO
        Required Capabilities: DIGITAL, ROUTABLE
        Initial Value: 0
        IO Voltage: 0
    PORT MAP (
        pa_out => Rx_1(0)__PA ,
        fb => Net_5 ,
        pad => Rx_1(0)_PAD );
    Properties:
    {
    }

[IoId=7]: 
Pin : Name = Tx_1(0)
    Attributes:
        In Group/Port: True
        In Sync Option: AUTO
        Out Sync Option: NOSYNC
        Interrupt generated: False
        Interrupt mode: NONE
        Drive mode: CMOS_OUT
        VTrip: EITHER
        Slew: FAST
        Input Sync needed: False
        Output Sync needed: False
        SC shield enabled: False
        POR State: ANY
        LCD Mode: COMMON
        Register Mode: RegComb
        CaSense Mode: NEITHER
        Treat as pin: True
        Is OE Registered: False
        Uses Analog: False
        Can contain Digital: True
        Is SIO: False
        SIO Output Buf: NONREGULATED
        SIO Input Buf: SINGLE_ENDED
        SIO HiFreq: LOW
        SIO Hyst: DISABLED
        SIO Vtrip: MULTIPLIER_0_5
        SIO Multiplier Index: 0
        SIO RefSel: VCC_IO
        Required Capabilities: DIGITAL, ROUTABLE
        Initial Value: 1
        IO Voltage: 0
    PORT MAP (
        pa_out => Tx_1(0)__PA ,
        pin_input => Net_9 ,
        pad => Tx_1(0)_PAD );
    Properties:
    {
    }

Port 15 contains the following IO cells:
ARM group 0: empty
CAN group 0: empty
Cache group 0: empty
CapSense group 0: empty
Clock group 0: 
    Clock Block @ F(Clock,0): 
    clockblockcell: Name =ClockBlock
        PORT MAP (
            imo => ClockBlock_IMO ,
            pllout => ClockBlock_PLL_OUT ,
            ilo => ClockBlock_ILO ,
            clk_100k => ClockBlock_100k ,
            clk_1k => ClockBlock_1k ,
            clk_32k => ClockBlock_32k ,
            xtal => ClockBlock_XTAL ,
            clk_32k_xtal => ClockBlock_XTAL_32KHZ ,
            clk_sync => ClockBlock_MASTER_CLK ,
            clk_bus_glb => ClockBlock_BUS_CLK ,
            clk_bus => ClockBlock_BUS_CLK_local ,
            dclk_glb_0 => \UART_1:Net_9\ ,
            dclk_0 => \UART_1:Net_9_local\ ,
            dclk_glb_1 => Net_10 ,
            dclk_1 => Net_10_local ,
            dclk_glb_2 => Net_179 ,
            dclk_2 => Net_179_local );
        Properties:
        {
        }
Comparator group 0: empty
DFB group 0: empty
DSM group 0: empty
Decimator group 0: empty
EMIF group 0: empty
I2C group 0: empty
LCD group 0: empty
LVD group 0: empty
PICU group 0: empty
PM group 0: empty
SC group 0: empty
SPC group 0: empty
Timer group 0: 
    Timer Block @ F(Timer,0): 
    timercell: Name =\Timer_1:TimerHW\
        PORT MAP (
            clock => Net_10 ,
            enable => __ONE__ ,
            tc => \Timer_1:Net_51\ ,
            cmp => \Timer_1:Net_261\ ,
            irq => Net_154 );
        Properties:
        {
            cy_registers = ""
        }
USB group 0: empty
VIDAC group 0: empty
OpAmp group 0: 
    Opamp Block @ F(OpAmp,0): 
    abufcell: Name =\Opamp_1:ABuf\
        PORT MAP (
            vplus => Net_29 ,
            vminus => Net_88 ,
            vout => Net_88 );
        Properties:
        {
            cy_registers = ""
        }
    Opamp Block @ F(OpAmp,2): 
    abufcell: Name =\Opamp_3:ABuf\
        PORT MAP (
            vplus => Net_74 ,
            vminus => Net_90 ,
            vout => Net_90 );
        Properties:
        {
            cy_registers = ""
        }
    Opamp Block @ F(OpAmp,3): 
    abufcell: Name =\Opamp_2:ABuf\
        PORT MAP (
            vplus => Net_70 ,
            vminus => Net_69 ,
            vout => Net_69 );
        Properties:
        {
            cy_registers = ""
        }
CsAbuf group 0: empty
Vref group 0: empty
LPF group 0: empty
SAR group 0: empty
ANAIF group 0: empty
PHUB group 0: empty
</CYPRESSTAG>
<CYPRESSTAG name="Port Configuration Details">

------------------------------------------------------------
Port Configuration report
------------------------------------------------------------
     |     |       | Interrupt |                  |               | 
Port | Pin | Fixed |      Type |       Drive Mode |          Name | Connections
-----+-----+-------+-----------+------------------+---------------+---------------
   0 |   0 |     * |      NONE |      HI_Z_ANALOG |     Vout_3(0) | Analog(Net_90)
     |   1 |     * |      NONE |      HI_Z_ANALOG |     Vout_1(0) | Analog(Net_88)
     |   2 |     * |      NONE |      HI_Z_ANALOG |   SENSOR_1(0) | Analog(Net_29)
     |   3 |     * |      NONE |      HI_Z_ANALOG | INVERSOR_1(0) | 
     |   4 |     * |      NONE |      HI_Z_ANALOG |   SENSOR_3(0) | Analog(Net_74)
     |   5 |     * |      NONE |      HI_Z_ANALOG | INVERSOR_3(0) | 
     |   6 |     * |      NONE |    RES_PULL_DOWN |    BOTONES(0) | FB(Net_155)
     |   7 |     * |      NONE |    RES_PULL_DOWN |    BOTONES(1) | FB(Net_180)
-----+-----+-------+-----------+------------------+---------------+---------------
   1 |   2 |     * |      NONE |         CMOS_OUT |       SS_A(0) | 
     |   4 |     * |      NONE |         CMOS_OUT |       SS_E(0) | 
     |   5 |     * |      NONE |         CMOS_OUT |       SS_F(0) | 
     |   6 |     * |      NONE |         CMOS_OUT |       SS_G(0) | 
     |   7 |     * |      NONE |         CMOS_OUT |       SS_P(0) | 
-----+-----+-------+-----------+------------------+---------------+---------------
   2 |   0 |     * |      NONE |         CMOS_OUT |    LED_MSB(0) | 
     |   2 |     * |      NONE |     HI_Z_DIGITAL |      BOTON(0) | FB(Net_97)
     |   3 |     * |      NONE |         CMOS_OUT |       SS_D(0) | 
     |   4 |     * |      NONE |         CMOS_OUT |    DIGITOS(0) | 
     |   5 |     * |      NONE |         CMOS_OUT |    DIGITOS(1) | 
     |   6 |     * |      NONE |         CMOS_OUT |    DIGITOS(2) | 
     |   7 |     * |      NONE |         CMOS_OUT |    DIGITOS(3) | 
-----+-----+-------+-----------+------------------+---------------+---------------
   3 |   2 |     * |      NONE |      HI_Z_ANALOG | INVERSOR_2(0) | 
     |   3 |     * |      NONE |      HI_Z_ANALOG |   SENSOR_2(0) | Analog(Net_70)
     |   7 |     * |      NONE |      HI_Z_ANALOG |     Vout_2(0) | Analog(Net_69)
-----+-----+-------+-----------+------------------+---------------+---------------
  12 |   2 |     * |      NONE |         CMOS_OUT |       SS_C(0) | 
     |   3 |     * |      NONE |         CMOS_OUT |       SS_B(0) | 
     |   5 |     * |      NONE |         CMOS_OUT |    LED_LSB(0) | 
     |   6 |     * |      NONE |     HI_Z_DIGITAL |       Rx_1(0) | FB(Net_5)
     |   7 |     * |      NONE |         CMOS_OUT |       Tx_1(0) | In(Net_9)
----------------------------------------------------------------------------------
</CYPRESSTAG>
</CYPRESSTAG>
</CYPRESSTAG>
Digital component placer commit/Report: Elapsed time ==> 0s.051ms
Digital Placement phase: Elapsed time ==> 1s.688ms
</CYPRESSTAG>
<CYPRESSTAG name="Digital Routing">
"C:\Program Files (x86)\Cypress\PSoC Creator\4.4\PSoC Creator\bin/sjrouter.exe" --xml-path "C:\Program Files (x86)\Cypress\PSoC Creator\4.4\PSoC Creator\dev\psoc5/psoc5lp/route_arch-rrg.cydata" --vh2-path "Design01_r.vh2" --pcf-path "Design01.pco" --des-name "Design01" --dsf-path "Design01.dsf" --sdc-path "Design01.sdc" --lib-path "Design01_r.lib"
Routing successful.
Digital Routing phase: Elapsed time ==> 1s.851ms
</CYPRESSTAG>
<CYPRESSTAG name="Bitstream Generation">
Bitstream Generation phase: Elapsed time ==> 0s.233ms
</CYPRESSTAG>
<CYPRESSTAG name="Bitstream Verification">
Bitstream Verification phase: Elapsed time ==> 0s.033ms
</CYPRESSTAG>
<CYPRESSTAG name="Static timing analysis">
Timing report is in Design01_timing.html.
Static timing analysis phase: Elapsed time ==> 0s.513ms
</CYPRESSTAG>
<CYPRESSTAG name="Data reporting">
Data reporting phase: Elapsed time ==> 0s.000ms
</CYPRESSTAG>
<CYPRESSTAG name="Database update...">
Design database save phase: Elapsed time ==> 0s.331ms
</CYPRESSTAG>
cydsfit: Elapsed time ==> 5s.620ms
</CYPRESSTAG>
Fitter phase: Elapsed time ==> 5s.620ms
API generation phase: Elapsed time ==> 3s.523ms
Dependency generation phase: Elapsed time ==> 0s.016ms
Cleanup phase: Elapsed time ==> 0s.000ms
